50,28,24,13小时前,1,福利来袭！首封杂志免费送 [打call]｜这几天看评论区有很多粉丝留言说收到了杂志舍不得拆，要将你真的首封珍藏起来，摄影君决定在已经库存不多的杂志中送出3本给一直以来支持和关注@理塘丁真 和@摄影世界 的粉丝，一本拿来欣赏，一本用来珍藏，完美！真爱粉你值得拥有！参与方式：只要在评论区写一段想 ​
374,92,85,7小时前,1,康巴汉子确实挺帅的，不过没什么人看他的直播，和#丁真# 对比如何？ ​
461,73,104,11小时前,1,"原来#丁真# 的耳洞是自己打的！用针穿！这是什么操作[允悲]听着都疼死了！
他直播说：上面那个耳洞自己打的，下面别人打的
问：怎么打的，用针穿的吗？
丁真：用针穿的
只听说过我外婆那一辈家里人帮手动打的，没想到藏族小孩到现在还这样…反正我没打过耳洞，想想自己动手扎，下不去手啊！疼不疼？ ​"
317,47,12,01-06,1,"突然发现#丁真[超话]# 和诺一好像呀
都是眼睛亮亮的帅哥～[好喜欢]

#丁真 诺一# ​"
0,0,0,20分钟前,1,#丁真# 小红书刷到的性转！！！也好可爱哦！漂亮妹妹 ​
0,0,0,26分钟前,3,#快进2020# 2020年认识丁真是幸运的，理塘给我们的礼物。#新年焕新颜# 加油赛马王子丁真小可爱！#丁真# #丁真[超话]# 
1,0,0,28分钟前,1,[悲伤][悲伤][悲伤]我太爱他了。   把抖音刷成丁真APP了        真是罪过  #丁真# ​
0,0,0,30分钟前,1,#丁真[超话]#[doge]帅就完了[doge]#丁真# http://t.cn/A6qgAEtD ​
0,0,0,1小时前,1,惊艳了时光，温柔了岁月#丁真##丁真 出名了还是那个丁真# http://t.cn/R2WxukJ http://t.cn/A6qg7niM ​
50,28,24,13小时前,1,福利来袭！首封杂志免费送 [打call]｜这几天看评论区有很多粉丝留言说收到了杂志舍不得拆，要将你真的首封珍藏起来，摄影君决定在已经库存不多的杂志中送出3本给一直以来支持和关注@理塘丁真 和@摄影世界 的粉丝，一本拿来欣赏，一本用来珍藏，完美！真爱粉你值得拥有！参与方式：只要在评论区写一段想 ​
43,2,3,昨天 10:08,1,"#丁真[超话]##丁真##丁真的新年# 
-丁真(和他的小夥伴)

想起你的明眸一笑就能诠释我的爱，犹如春燕结群踏冬来～

(自截修) ​"
2,0,0,2小时前,1,真式皱眉[并不简单]@理塘丁真 #丁真##丁真是我的小王子# ​
51,7,3,11小时前,1,网友投稿：#丁真# 出现在北京朝阳区初一年末考试试卷中，看题目没问题，是引用此前大多数网友以为丁真是西藏人来告诉学生中国多民族的分散性。但是这个常识普及完全可以通过其他方式来出题，引用丁真，大概是站在课堂上也要讲究追流量、蹭热点吧。 ​
0,0,0,3小时前,1,分享一篇好文#丁真# ​
246,54,6,10小时前,1,"━┳━　━┳━真真拔胡子视频🈶

dy上面看到的哈哈哈%丁真  一定要看到最后❗️一定要看到最后❗️ 一定要看到最后❗️ 真真已经不是之前的小狼崽了🐺   [污][doge]#丁真# http://t.cn/A6qdaCh5 ​"
339,119,7,01-06,1,"#丁真#【丁真带货，可比李佳琦厉害多了】丁真直播涂唇膏上热搜，一分钟卖到全网断货。
自从丁真带火了理塘，加上直播中带火了那支酥油涂唇膏，她们一直都在加班加点的生产、发货和客服这支涂唇膏，忙得热火朝天。

因为一个人，一支唇膏火了，据悉要买的话都得等一个月以上才能送到，因为处于断货状态 ​"
249,109,162,10小时前,1,#丁真的世界# 序《一位甘孜少年的旅游邀请函》，甘孜文旅局局长亲自作序，欢迎所有人以少年之名了解甘孜，看见甘孜！@四川文旅 @甘孜文旅 @时差岛 联合发起，转发并@ 3位好友，我们将抽取5位粉丝送出《丁真的世界》各1本[2021] #丁真[超话]# #丁真# #2021# http://t.cn/A6qrsmqT http://t.cn/A6qdaawA ​
0,0,0,6小时前,1,"#丁真# 

有一种被消费完了的感觉，流量来的快去得也快，

有制造流量的 消费流量的，一股股急流 ​"
16,3,0,7小时前,1,#丁真侧脸#正面侧面背面都一般般完美的喔[偷笑][心]@理塘丁真 #丁真是我的小王子##丁真# ​
33,10,1,8小时前,1,#丁真侧脸##丁真# 平平无奇下则通选美得一票罢了#少狼主丁真# ​
8,0,0,7小时前,3,#丁真# #丁真侧脸# 脸部线条流畅，五官端正优秀已经说累了[色][色]
0,0,0,8小时前,1,#丁真# 丁真你在哪里 http://t.cn/R2Wx15F ​
12,0,0,23小时前,1,#丁真#这个侧脸，值得一条微博，不能说毫无关系，只能说一毛一样。撕漫男本男了。 ​
0,0,0,8小时前,1,#丁真# awysl[awsl][awsl][awsl][awsl][awsl][awsl][awsl][awsl] ​
24,0,2,8小时前,1,"#丁真侧脸##丁真# 
丁真这么好看的侧颜不来欣赏一下吗？ ​"
455,85,159,11小时前,1,"时差岛拍摄的#丁真# 的舞蹈花絮视频，他确实是最帅的！
人高头小脖子长，五官精致轮廓深邃，放在一群康巴汉子里面真的一眼就能看到，怪不得能火。
据说丁真和兄弟们跳了一通宵，欢快的舞蹈。 ​"
937,127,66,01-04,1,#丁真# 真真@理塘丁真 越来越6啦，手持手机自拍vlog[嘻嘻][嘻嘻] http://t.cn/A6queKSW ​
7,0,0,9小时前,3,#丁真侧脸# #丁真# 雪山、白马，那个少年，2021我们相约理塘呀#丁真[超话]#
1,0,0,10小时前,1,#丁真#这场直播让我梦回，但是不可否认的是舅舅和丁真还是略显紧张，多希望在没有工作人员在的情况下，丁真和舅舅来一场直播，连线一下恩珠，扎西，公主，达哇，曲批，益尼，可乐姐等等等等村里的朋友，在这一个月里，村里的朋友们老会整活儿了，直播技术简直飞起，想要看看那个活在朋友中间的丁真 ​
1,0,0,10小时前,1,丁真与舅舅一个月前后对比，丁真真的变自信很多~#丁真#  http://t.cn/A6qdSUXM ​
2,0,0,11小时前,1,看到这个#丁辉# 这个名字的时候我的第一反应是和#丁真# 是什么关系。。。。[汗] http://t.cn/Ryhaa6H ​
2,0,0,12小时前,1,"#马斯克成为世界首富#
把握不了当下，何以谈未来！
#丁真# 藏族小伙表现就很棒！ ​"
855,105,231,22小时前,1,#丁真# 原来丁真的耳洞是自己打的！用针穿！这是什么操作？听着都疼死了！ ​
38,2,2,昨天 10:15,1,"#丁真[超话]##丁真# 
-丁真

桃片无人寄，落雪终成泥～
(自截修) ​"
240,75,159,01-04,1,"女快递员惨遭#丁真# 粉丝投诉，祈求大家可以理解一下她。
“丁真的快递，仓央嘉措微型博物馆专门有人取件，比如说早上的时候他来得早取完件后，下午派送的包裹他就没取走，那么只能第二天再来取件了，粉丝朋友不怎么会去理解，就说怎么头天的包裹，第二天都还没有收着呢。希望大家能理解一下，也少投诉 ​"
15,1,0,19小时前,1,#丁真# 【丁真的世界】 你简单了，你就快乐了。你成长了，你的人生就更丰富了。http://t.cn/A6qd4sED ​
18,13,1,23小时前,1,"#丁真珍珠[超话]# 时差岛 丁真 
#丁真# ​"
0,0,0,21小时前,1,#丁真# 总有人嫌你不够好，也总有人觉得你哪里都好.. http://t.cn/A6qd2SKL ​
0,0,0,21小时前,1,可可爱爱的小橘子[挤眼][挤眼][挤眼]#丁真# 昨晚的直播，真真给人一种已经长大了的感觉，还会给舅舅翻译，倒是舅舅太少女娇羞了哈哈哈[太开心][太开心][太开心] ​
3,5,0,22小时前,1,#丁真# 这剪影也太美了，简直不像是人类[求关注][求关注] ​
1,1,0,22小时前,1,#丁真# 脸太小了，感觉比很多明星都要小，好上镜 http://t.cn/A6qdPzav ​
0,0,0,23小时前,1,#丁真# 小篆体，王妃们康过来 ​
1,0,0,23小时前,1,伯乐遇见千里马，杜冬vs丁真，甜野男孩丁真的世界，美好常相伴，快乐每一天#签名设计##丁真# http://t.cn/A6qreLYQ ​
3,0,0,昨天 20:30,1,#丁真#他的眼睛好亮( ¯ᒡ̱¯ )و，书已经下单啦，谢谢。@时差岛 ​
5,1,2,昨天 20:05,1,【#理塘#还远吗？#2021年扎实推进川藏铁路建设#】国铁集团4日发布，2021年全国铁路将扎实推进川藏铁路等国家重点工程建设，预计全年投产新线将达到3700公里左右。川藏铁路来了，#丁真#家还远吗？http://t.cn/A6q1AmEE ​
1,0,0,昨天 19:54,1,#丁真#忽然启发了我，让我明白丁珍他应该先带大家看看世界看景，我们了解他非常年轻只有19，三年级辍学放牦牛，有一段和大多数人不同的生活经历，有点与世隔绝，但是骑着小马，放牧牦牛在草原上挖虫草，又让他有和动物植物相处啊，看高原美景啊，夜晚的星空啊，这些很美也很辛苦的生活经历，身体素质也 ​
1,1,0,昨天 19:41,1,准备一场脑力田径运动！我看看这本书会不会拯救我濒临消失的记忆力！本来画的马儿是丁真和他的马儿珍珠，失手了[笑cry]#丁真# http://t.cn/RghOMBP ​
0,0,0,昨天 19:40,1,丁真宝宝给广大王友梅们比个❤️[太开心][太开心][太开心][太开心]#丁真 出名了还是那个丁真##丁真# http://t.cn/R2WxukJ http://t.cn/A6qr3BPO ​
240,70,1,昨天 05:30,1,"#丁真[超话]##丁真# 
没有人发现昨天直播的时候 ，一只老鼠从害羞的丁真背后爬了过去，还不小🐱
（孩子是好孩子，也真是苦孩子呀） ​"
62,14,4,昨天 00:00,1,"#丁真[超话]##丁真# @理塘丁真 @格聂王子 
来！都给我过来体验一下萧亚轩的快乐！！[憧憬][憧憬]奉上1080P高清字幕版名场面，以满足这一个半月来对于叫姐姐的执着吧[允悲]
扎西德勒么么哒[爱你][爱你][爱你]

PS：4k超高清版b站已上传审核中，搜微博同名可见。 http://t.cn/A6qr7d9f ​"
85,7,1,01-03,1,#丁真舅舅超话简介#丁真的舅舅真的是搞笑第一人，兼“糊弄学”一级学者，回答问题，笑梗百出，网友调侃这就像疯了的郑伊健  #丁真的舅舅像疯了的郑伊健##丁真##中江樱花岭[超话]# http://t.cn/R2WxuoH http://t.cn/A6qm81dc ​
0,1,0,昨天 18:29,1,#丁真##丁真的世界# 粉丝们好给力『预售破百万，《丁真的世界》开箱了』http://t.cn/A6qrRYtK ​
2,0,0,昨天 18:23,1,"#正反读一个意思的句子#

丁真真顶[抱一抱][抱一抱]    #丁真# ​"
17,7,0,昨天 18:20,1,#丁真珍珠[超话]##丁真# 丁･只要我靴子还穿的上就没有胖･真[doge] ​
6,2,0,昨天 18:08,1,"#丁真[超话]##丁真# 

一匹小狼🐺 ​"
53,27,0,昨天 10:11,1,"#丁真[超话]##丁真# 
上班摸鱼，摸了两张奶崽崽，抱图吱吱哦[心]
爱你低眉敛目的温柔，也爱你懵懵瞪眼的无辜[心]@理塘丁真 
好了妈妈要认真上班了[允悲] ​​​[心] ​"
0,0,0,昨天 15:43,1,外面的温度很冷，室内很温暖#丁真##午后时光# ​
0,1,1,昨天 15:22,1,【转载】感人的好故事，纯美笑容远超四川理塘的丁真！不信你慢慢看完，绝对会对你有所感触。#丁真##自然风光# http://t.cn/A6LShN7H http://t.cn/A6qrlLim ​
1,1,0,昨天 14:25,1,要是#丁真#带了假发成女孩  你会喜欢吗 ​
2,4,2,昨天 14:13,1,#丁真[超话]##丁真# 真的是四川的！还有，谁能知道我的心情！昨天在高铁上看真儿直播，信号差得要死。我看到有王妃问舅舅力气大还是丁真力气大。我就开始刷弹幕想看丁真和舅舅掰手腕。结果他们真的掰手腕了！但我卡了！只看到最后舅舅放水真儿那一局，我真儿那个眉头一皱，真的帅爆了！谁能懂我那种激 ​
0,1,0,昨天 13:05,1,丁真的可爱一点也不娘，看他的混剪，我的嘴角已经笑到脑后去了……就是美好的感觉。这个年纪真的做啥都不会油腻[太开心] ​​​​#丁真[超话]# #丁真# ​
1,0,0,昨天 11:44,1,"这眼睛就是好看呀 五官没毛病 发型不OK 太短了
#丁真# ​"
395,50,20,01-06,1,#丁真# 真真@理塘丁真 问你冷吗要围巾不？[doge][doge][doge] 有多少人幻想围巾是钻戒[doge][doge][doge] http://t.cn/A6qr7Efl ​
37,8,1,昨天 09:24,1,#丁真[超话]#要考试啦所以只粗糙糊了一只Q版真真 p 2是原图片，这张实在是太奶了爱了爱了！#丁真# ​
10,8,0,昨天 10:51,1,#理塘丁真[超话]##丁真# 昨晚杜老师千里送纸，感天动地[doge] ​
21,6,0,昨天 07:32,1,"#丁真#
 黑袍加身的丁真，妥妥的一个少主狼人 ​"
1,0,0,昨天 10:11,1,这张动图值得专门发一条微博。哈哈哈哈哈哈哈，100分。#丁真# ​
118,33,0,01-06,1,"#丁真珍珠[超话]# 截个图 提前退出来了 内容不吸引人 策划不行 不知道到底要干什么 没有流程  [允悲][允悲]  做主播必须要自己互动 要么有个技能展示 做饭 烧火 劈材 做某一件事 和网友互动 
#丁真# ​"
5,2,0,昨天 09:29,1,#丁真# 我知道丁真是从朋友口中听说的 ，他因为一张微笑的图片火爆全网，后面看了他的作品，青涩的脸庞，像泉水一般的眼睛清澈透明，的确是一位惹人喜欢的大男孩。昨晚正好看见丁真直播，看到他在镜头面前羞涩的样子，好像也看到了年少天真烂漫的自己。看见直播间刷的老公，我爱你。可以看见他们对丁真 ​
3,0,0,昨天 08:43,1,#丁真#今天也是快乐的一天鸭，可能因为昨天晚上看了丁真宝宝的直播，好心情可以维持一周[亲亲][亲亲][亲亲]本来好担心孩子累了压力太大，昨天看起来这种担心多余了，理塘真是个神仙地方，大家都好有爱，好喜欢你们啊[污][污][污][污][污] ​
1,0,0,昨天 08:33,1,啊，今天也是喜欢丁真的一天#丁真# 💕 ​
20,10,1,昨天 00:58,1,"#丁真[超话]##丁真##丁真直播# 
拿图请夸夸真真 又唱又跳还叫姐姐 [awsl]
解锁新特质 皱眉半张脸也能蛊惑人心 活该被宠溺[跪了]
@理塘丁真 [笑哈哈][來]

⚠️禁止二传涂改商用 [作揖] ​"
7,4,0,昨天 08:13,1,#凡尔赛文学# 尊享2万平大农场，凭颜值就惹人爱，还不用上奥数班～狗中#丁真# 好开心🤣！！ http://t.cn/R2WxsCs ​
1,1,0,昨天 01:21,1,"#丁真# 第一次这么喜欢一个男网红，男明星[泪][泪][泪]原来是这种感觉，还是一个弟弟，心态还是一个孩子。答应我，即使你不能继续开心快乐的生活下去，却也一定要坚强乐观，勇往直前，披荆斩棘。
好多成功人士后来回忆自己人生最快乐的日子都不是自己最有钱的时候，往往都是自给自足还会自我满足的青葱 ​"
241,26,1,01-06,1,"#丁真珍珠[超话]# 帅哥的梦想！演电影 导演 制片方 看过来吧 [米奇比心]
#丁真# ​"
1,0,1,昨天 00:15,1,为什么丁真舅舅的脸总给人感觉没有洗干净 好像有一层土在上面一样。[允悲][允悲]#丁真##丁真的舅舅像疯了的郑伊健# http://t.cn/z8A46Dp ​
0,1,0,昨天 00:12,3,一个人真的可以成长得这么快吗？有点感动[悲伤]虽然知道你和团队都还需要很多成长历练，但是加油崽崽！大家会一直支持你！[羞嗒嗒]#丁真#
6,0,0,昨天 00:10,1,"#丁真# 上了大舞台，竟然不怯场！很难相信他一个月前还在放牛，舞台上和康巴汉子载歌载舞，落落大方，台风很棒！
和张信哲老师采访对话：
“从成都到理塘有多远”
“你愿意去的话不远”😁
多聪明！一点也不紧张 ​"
5,4,0,昨天 00:01,1,#丁真[超话]##丁真# 想和真真掰手腕[加油][加油][加油] ​
15,3,0,01-06,1,#丁真[超话]##丁真##丁真的小马叫珍珠# 哈哈哈，今天舅舅害羞多了，真真现在越来越放松，很棒呀[哈哈][哈哈][哈哈] http://t.cn/AigLdX08 ​
6,0,0,01-06,1,#我为圣洁甘孜代言# 原来你竟是团团，被青创商城下单的青暖到了[爱你][爱你]～ 突然特别的自豪！身边的团团，一直在身边～网上共青团就是这样！服务青年！带给青年的是贴心是信任！更是青年对甘孜团团的支持！[爱你][爱你]@共青团中央 @四川共青团 #丁真# http://t.cn/EXSCzmz ​
3,1,0,01-06,1,#丁真#女生版的丁真也太美丽了吧[污][污][污] ​
0,0,0,01-06,1,"#丁真直播# 
哎呀妈 跟舅舅头碰头[污]梦回封神级别的第一场直播
怼大脸也是奶甜奶甜的[舔屏]
王友梅已疯[二哈]
🆘 🆘 🆘 
救救我
#丁真[超话]##丁真# ​"
12,2,0,01-06,1,"#丁真[超话]#[赞啊] #丁真# 
丁真直播刚才结束啦，感觉真真终于意识到了自己帅，频繁的怼脸杀，还和舅舅掰手腕了[doge]@理塘丁真 ​"
145,33,16,01-06,3,2003年，我们推出了《四川专辑》，打破了之前四川在人们心中的固有印象，深受大家的肯定与喜欢。感谢。
0,0,0,01-06,1,#丁真##丁真#姐妹们有录屏的吗？我来找录屏了！我要全的[喵喵][喵喵][喵喵]快点来吧！使劲踹我！！！有的都扔过来！！！[喵喵][喵喵][喵喵][舔屏][舔屏][舔屏]  ​我要看这手！！！ http://t.cn/RxRKwzy ​
317,47,12,01-06,1,"突然发现#丁真[超话]# 和诺一好像呀
都是眼睛亮亮的帅哥～[好喜欢]

#丁真 诺一# ​"
6,0,0,01-06,1,#丁真[超话]##丁真#尊重并且支持他，期待你的电影梦，期待你去看海！加油💪 http://t.cn/R2Wx0aF ​
2,2,0,01-06,1,"#丁真# 直播
舅舅唱歌，空耳
俺个乡巴佬[doge]
（哈哈哈哈哈对不起舅舅！！ http://t.cn/A6qB3PM5 ​"
1,3,0,01-06,1,"[泪][泪][泪]突然发现错过了今晚真真的直播
我不是合格的王友梅
#丁真# http://t.cn/RU1yXtO ​"
22,5,2,01-06,1,"#丁真珍珠[超话]# 《情的点缀》CUT[爱你]
#丁真# http://t.cn/A6qB8bdx ​"
2,1,0,01-06,1,#丁真#解开了我的疑惑，是个狠人啊宝贝，上面的耳洞竟然是自己用针扎的[跪了][跪了][跪了] http://t.cn/A6qBuQft ​
0,0,0,01-06,1,词语匮乏[哈哈]@理塘丁真 #丁真# ​
2,1,0,01-06,1,"#丁真##尽兴生活每一天# 好家伙  舅很突然 
哈哈哈哈哈(ಡωಡ)hiahiahia  截了个寂寞 
丁真舅舅看了不会打我吧[喵喵][喵喵][喵喵]@理塘丁真 ​"
8641,860,2242,2020-11-27,1,"《丁真的世界》爆红背后的故事，@时差岛 独家深度报道，感谢 @理塘丁真 带我们看见这片野性又纯真的川西高原，他一个人的故乡与远方。

#丁真的世界##其实丁真在四川#  #丁真的家乡有多美# #丁真[超话]#   http://t.cn/A6G18GNP ​"
520,67,18,2020-11-27,3,独家深度报道《&lt;丁真的世界&gt;爆红背后的故事》已在时差岛微信公众号推送，欢迎关注。#丁真的世界# #其实丁真在四川# #丁真的家乡有多美#  #丁真[超话]#
7,0,0,6小时前,3,#丁真侧脸# #丁真的世界# 买了买了，一本看一本收藏[ok]//@时差岛:#丁真侧脸# 据说这个话题在热搜榜上！动漫主角的侧颜，当时拍摄是在仓央嘉措博物馆二楼，阳光和丁真一起游走在白色诗歌帘布间，摄影师捕捉下这些光影瞬间。#丁真[超话]#  http://t.cn/A6qdOAY2
30,27,1,昨天 16:09,1,【理塘牧区可爱的小孩】相信很多去过理塘的朋友都见到过这张图吧？#藏地十年# #丁真[超话]# #丁真的世界# ​
1,0,0,21小时前,1,#丁真[超话]##丁真的世界# 我好期待这本书啊，期待看到格聂雪山的王子更多风采。 ​
393,102,42,昨天 19:40,1,http://t.cn/A6qr3M0p  《丁真的世界》图书特别收录了2011年摄影师@旅行的快门 拍摄的《然日卡村的希望》，10岁的小丁真@理塘丁真 在课堂上的模样已印在书的扉页上。这是一份时间的礼物！ @甘孜文旅 @时差岛 @机械工业出版社 联合出品 #丁真[超话]##丁真的世界# ​
6,0,0,昨天 20:55,1,"བོད་ཀྱི་དམངས་གཞས་ཁག་ཅིག
藏族一句日历持续更新
大家记得多关注转发
让藏族文化走进更多人的生活
#丁真的世界##丁真[超话]##藏族的康巴汉子有多帅##西藏笔记##岗底斯文化圈[超话]# @四川康巴藏语卫视 @班玛旺青 @理塘丁真 @安多卫视 ​​​"
0,1,0,昨天 18:29,1,#丁真##丁真的世界# 粉丝们好给力『预售破百万，《丁真的世界》开箱了』http://t.cn/A6qrRYtK ​
1,0,0,昨天 17:10,3,扶贫人太不容易了。丁真的出现让一切准备工作都不再是遗憾🙏真正的英雄不是摆脱贫困的家乡，而是带领家乡脱贫。喜欢丁真，想走近#丁真的世界# [心]
0,0,0,昨天 15:43,3,#丁真[超话]#需要的王妃可以看看《丁真的世界》全彩画册级书，想到之前我想买的时候到处找不到渠道（刚开始t宝J东都没有），还是超话里的姐妹指路（很感谢😊[心][心][心][心]）。#丁真的世界# 分享一下，可能有些后来的王妃没看到，万一需要呢[心][心][心][心]。
0,0,0,昨天 11:34,1,在雅拉雪山~#丁真的世界# #甘孜#@甘孜文旅  http://t.cn/A6qrXZ6k ​
0,1,0,01-06,1,"#丁真[超话]##丁真的世界# 

逆光的晕影下
少年的歌声都长出了翅膀✨️

@理塘丁真 ​"
3,1,0,01-05,1,#丁真# 小小男子汉丁真，好棒！#丁真的世界# http://t.cn/R2Wxpw9 http://t.cn/A6q3sUxq ​
8,0,0,01-05,1,"丁真可以被复制吗？
在大方面上来说是不可以的。
第一，丁真本身具有的这种野性又原始的美是不可复制的。
第二，小红靠捧，大红靠命，丁真的视频在短视频平台里一炮而红是命数里自带的，人力的参与只是锦上添花，不可复制。
第三，特殊的成长经历和生活环境是加分项，可能对于理塘以及千千万万个贫困地 ​"
3,3,0,01-04,1,谢谢姐妹梦到我和德普在船上一起拍对手戏，为我和德普的关系画上圆满的句号，以后我就是丁真的人了！ ​​​#丁真##丁真的世界# ​
43,17,0,01-04,1,"#丁真[超话]# [心]#丁真的世界# 
             我可能是为数不多的妈妈粉了！我还是喜欢这样的真真崽崽！[憧憬][憧憬][憧憬] ​"
5,2,1,01-04,1,"丁真rio🔥啊B站都54万粉丝了…放两张去年八月底理塘草原的照片蹭热度[doge]（这个牧场的4G信号特别好！）
理塘风景不错，就是走路喘不上气😂
#丁真的世界##丁真##丁真的新年# http://t.cn/R2Wx15F ​"
16,6,0,01-03,1,"#丁真舅舅超话简介##丁真##丁真的世界# 
丁真舅舅居然是1990年的比我小了快十岁。 http://t.cn/EhGn2gw ​"
53,12,2,01-02,1,以书相伴，一起出发。#摄影师9年前曾拍下孩童时期丁真##丁真的世界##摄影不凡# @浙江摄影出版社 @四川文旅 http://t.cn/A6qnk2N8 ​
0,0,0,01-03,1,"甘孜，有着不输藏地的纯粹与美景！
在11月初的时候，这位叫丁真的藏族小伙，凭借着干净纯洁的笑容“火爆”全网，而近日，#丁真的世界#这一纪录片刷爆全网，湛蓝的天，巍峨的雪山，辽阔的草原在镜头中，甘孜正毫无保留地向全世界展现着它的美。 ​"
99,220,706,2020-12-31,1,"#转发抽奖[超话]# 关注@阅读书坊 和@悦读斋 ，转发微博，1月21日抽取5位 《丁真的世界》http://t.cn/A6LbXzGj
#新书推送# #转发赠书# #丁真的世界# 丁真，一位来自四川甘孜的康巴藏族少年。对丁真的喜爱，寄托着每个人对纯真和美好的向往。透过他，我们看见了“丁真的世界”，一片像丁真一样野性、纯真 ​"
3,1,0,01-03,1,"#丁真##丁真的世界# 
你的微笑，是我这辈子见过最美的景色，我想收藏这样的风景一辈子。 ​"
0,0,0,01-02,1,"%丁真  丁真是一面镜子，他什么都没做却照出了很多人的阴暗面。；%%bm6SSRaiGe8%%打开抖音搜索
这个视频讲得真是太好了[赞][赞][赞]#丁真的世界# http://t.cn/A6qnmadY ​"
416,154,11,01-02,1,#丁真[超话]# 《丁真的世界》样书出来啦，附上内页，信封，札记，日历样片，还有你想不到的惊喜哦#丁真的世界##丁真的新年# @理塘融媒 @甘孜文旅 @四川文旅 ​
1,0,0,01-02,1,#丁真# 丁真棒棒哒！纯洁的眼神，干净的心灵。一定要越来越好，加油加油！#丁真的世界# ​
1,0,1,01-02,1,#丁真# .#丁真的世界# 丁真跨年夜在康巴卫视的表演，这是丁真综艺首秀，显然其他康巴汉子比他有经验多了，而且个个都是帅哥型男啊#元旦烟花有多美# http://t.cn/A6qnxaOU ​
14,8,2,01-01,1,"#丁真[超话]#“理塘有多远？”
“如果你想去的话就不远。”

真真今天好棒好棒，激动的眼泪都出来了[太开心][鼓掌]
很自信很帅气很稳，加油！这还只是你的开始，未来会越来越好！[鲜花][鲜花][鲜花]#丁真[超话]##丁真的世界# ​"
13,2,1,01-01,1,#丁真[超话]##丁真##丁真的世界##丁真的新年##理塘##花开天下# 祝世人皆安好，山河常无恙。 http://t.cn/A6qEOaMH ​
2,0,0,01-01,3,丁真和来自理塘各行各业的康巴汉子 联合演绎《马背上的理塘》🎶#丁真的新年# [围脖]#丁真的世界# [冰雪奇缘雪宝]
7,2,0,01-01,1,"✨叮~ ᶜʰᵉᵉʳˢ
ʜᴀᴘᴘʏ ɴᴇᴡ ʏᴇᴀя ❤
2021.

模仿 “丁真” 蜜汁微笑   #丁真##丁真[超话]##丁真的世界# http://t.cn/RyhMHBm ​"
1,0,0,01-01,1,"#丁真[超话]#新年第一天的邀请#丁真的世界# 
旅游册丁真的底面朝上，是为了让我打开包裹就看见你吗？@理塘丁真 [哈哈][哈哈] ​"
30,9,0,01-01,1,"#丁真[超话]##丁真的世界# 
我大概已经魔怔了
在家看新闻“…………领航………”
硬是听成“…………理塘………”[允悲] ​"
8,2,1,01-01,1,"日前《丁真的新年》正片上线！中国少年@理塘丁真 向全世界送出的2021新年问候，愿洁白的雪覆盖掉所有病痛和灾难，美好的，终会回来！
@甘孜文旅 @时差岛 联合出品 #丁真的世界# 第2季 #丁真的新年# http://t.cn/A6qHnf18 ​​​"
7,2,0,01-01,1,"#丁真[超话]##丁真的世界# 
陌上人如玉，公子世无双。 http://t.cn/A6qE4Tup ​"
15,3,0,2020-12-31,1,"#丁真[超话]##丁真的世界# 日语版 （时差岛 B站）
由中央广播电视总台亚非中心日语部译制
由哥大白大哥日语配音 ​"
334,304,524,2020-12-31,1,#转发赠书#  #丁真# ，一位来自四川甘孜的康巴藏族少年。透过他，我们看见了“丁真的世界”，一片像丁真一样野性、纯真又遥远的高原，一处与内地景致迥然不同的藏地风景，一个存在于风光航拍镜头中、却鲜少被人真正看见的辽阔土地。@时差岛 团队于2020年11月和12月两次前往四川甘孜理塘，拍摄短片《丁 ​
0,1,0,01-01,1,"一个人带‮了火‬一座城，
他不仅统一了全国的审美，
还用6天成为了国企员工，
所以脸能不能当饭吃？ 
颜值经济时代真的可以！#丁真# #丁真的世界# #成都[地点]# ​"
66,27,0,2020-12-31,1,"#丁真[超话]#[心] #丁真的世界# 
        我想说有的王友梅少逼逼一点好不好？今天简直把我气死了。
        昨天晚上刷抖音的时候看到了一张崽崽的很帅气，很温文尔雅，很有气质的一张照片。然后我就有感而发的在下面留言说仿佛仓央嘉措就浮现在我的面前。在这里我想说一下我是怎么入坑丁真的，我入坑 ​"
20573,2235,2187,2020-12-30,1,《丁真的新年》正片上线！中国少年@理塘丁真 向全世界送出的2021新年问候，愿洁白的雪覆盖掉所有病痛和灾难，美好的，终会回来！@甘孜文旅 @时差岛 联合出品 #丁真的世界# 第2季 #丁真的新年# #新年旅行# @四川文旅 http://t.cn/A6qHuAay ​
2,2,0,2020-12-31,1,"2020年去理塘是没戏了
希望2021年能实现
#丁真的世界# ​"
5,1,0,2020-12-31,1,"#丁真的世界# 

丁真珍珠 / 百度直面2020 / 动图

蹦蹦跳跳，溢出屏幕的快乐💃 ​"
121,56,9,2020-12-29,1,九年，我们一起遇见，我们不见不散。《一座城池，一路风景》纪念版浓情预售在京东自营http://t.cn/A6qYRgxP四川大学出版社天猫店等开启。印数有限，请认准店铺，选择正版。#摄影师9年前曾拍下孩童时期丁真##丁真的世界##然日卡村的希望# @四川大学出版社 http://t.cn/A6qTPSSM ​
0,0,0,2020-12-31,1,走红以来丁真的变化#丁真[超话]##丁真的世界# http://t.cn/A6q8591z ​
134,0,35,2020-12-30,1,"都知道丁真、华农兄弟、邵烈明很火，但怎么写进作文里？
作文主题是“故乡”“乡愁”，但脑袋一片空白？
[并不简单]看这篇就够了，好记又好用！[抱一抱]立马收藏，考试就能用啦~

#丁真的世界# #学科大挑战# #作文素材# #超级教育节# 
发布了头条文章：《人物特辑 | 我为家乡代言：丁真、华农兄弟、邵 ​"
181,104,103,2020-12-31,1,#小鱼大视界##2020最后一条微博# 从新都桥到雅江再到理塘，路上时不时能看到图一那种被撞的七零八落的车的展台，听小伙伴说318国道的路已经比以前修的好多了，以前都是要翻山的，现在好多山都打了隧道，路平坦了，海拔的升降也没这么明显了，修的很好看的如图三的天路十八弯，还特别建了观景台来给路过 ​
186,16,10,2020-12-31,1,雪山之下，桑烟升起！愿高原的雪覆盖掉所有病痛和灾难，美好的，终会回来！ #丁真[超话]##丁真的新年##丁真的世界# @时差岛 ​
1279,139,107,2020-12-30,1,雪山之下，桑烟升起！愿高原的雪覆盖掉所有病痛和灾难，美好的，终会回来！#丁真[超话]##丁真的新年##丁真的世界# @理塘丁真 @四川文旅 @甘孜文旅 ​
1,0,0,2020-12-31,1,"#丁真的世界#
“大叔，现在出书热，写一本也行。”
“是，人倪萍都出本书叫《日子》，我这本书就叫《月子》。” ​"
330,35,26,2020-12-30,3,#丁真的新年祝福# 他来啦！他来啦！他带着新年的祝福来啦！[给你小心心][给你小心心]#2021年第一缕阳光# 
3932,1228,238,2020-12-30,1,#丁真的世界# 2《丁真的新年》即将上线，感受到暖意了吗？@理塘丁真 #丁真的新年# @甘孜文旅 @四川文旅 #丁真[超话]# ​
65,16,0,2020-12-30,1,#丁真[超话]# #丁真的新年# #丁真的世界# 2这段也太好哭了吧，真真只要你愿意的你快乐我们都支持啊，希望你在自己的世界里永远快乐啊，时差岛也太棒了！这个系列请一直拍下去吧，太感人了，和家人朋友在一起的真真看起来好舒服好快乐，你要成为自己想成为的样子啊真真[泪][泪][泪][泪][泪][泪]  ​
24,2,6,2020-12-30,1,《丁真的新年》正片上线！中国少年@理塘丁真 向全世界送出的2021新年问候，愿洁白的雪覆盖掉所有病痛和灾难，美好的，终会回来！#丁真的世界# http://t.cn/A6qHDKqv ​
0,0,0,2020-12-30,1,弟弟呀～ 你的世界 姐姐来啦！#丁真的世界# ​
6,9,0,2020-12-30,1,#丁真[超话]##丁真的世界#汉戈花村这个桃酥不错啊，吃完继续买，支持真真宝贝支持他身边的一切[打call][打call][爱你] ​
155,3,116,2020-12-30,3,#俞锋有话说# 辽宁红海滩变白雪滩。有空去体验一下新鲜空气。[中国赞][中国赞][中国赞]#中国地理# 
7,0,0,2020-12-30,1,#丁真[超话]##丁真的世界第2季发布##丁真的世界# 新年新气象，真真的世界，我想去看看。 http://t.cn/A6qQzPWQ ​
5,0,0,2020-12-30,1,"#丁真[超话]#
崽崽你也新年快乐啊～～～
我的2020年因为有你突然有了光彩
新的一年也希望继续相伴
扎西德勒@理塘丁真 
#丁真的世界##丁真的新年# ​"
31,2,0,2020-12-30,1,#丁真[超话]##丁真的世界##丁真的新年# 周围热闹的烛火只闪烁着两个字：安静，这就是为什么我觉得丁真那么好的原因 ​
223,32,3,2020-12-30,1,"#丁真的新年# 剧照来了 ，码住了吗？[笑而不语]#丁真的世界# 2
#丁真邀您来甘孜##丁真[超话]#    
@时差岛 ​"
8,0,0,2020-12-30,1,#丁真[超话]##丁真的世界# 真真总是用最朴实的语言打动着我们，小雪豹用惊人的速度在奔跑。2021，新年快乐，愿世界美好！ ​
0,0,0,2020-12-30,1,[烟花] #丁真的世界# #丁真的新年# ​
18,9,0,2020-12-30,1,"#丁真[超话]#
2021 你会更好，你不用离开你的世界，我会过去。#丁真的新年##丁真的世界# ​"
179,28,2,2020-12-30,1,敲重点！[给你小心心]#丁真的世界# 2《#丁真的新年# 》要来了！你们期待么？[并不简单]#丁真的新年祝福# ​
1,0,0,2020-12-30,3,刚从藏区回来，见寺里都在煨桑，当时祈祷的就是新的一年疾病灾祸全都远离，即便新年不会让人惯常的时间停顿，人的心还是会重新开放，重新充满希望！2021，新年快乐（罗萨啦扎西德勒🙏）#丁真的世界# 
67,15,11,2020-12-30,3,我觉得小丁同学的藏袍都看起来好暖和，在北京瑟瑟寒风中，我也想穿一身小被子【喂……
0,0,0,2020-12-30,3,#丁真# #丁真的世界# 又见到初见时的美好少年，感动中……新年进步@理塘丁真 🙏[鲜花] 感谢@时差岛 镜头中理塘丁真美好的样子
2,0,0,2020-12-30,1,#丁真[超话]##丁真的世界# 手机屏都快让我刷新坏了[哈哈][哈哈][可爱] ​
0,0,0,2020-12-30,1,#丁真的新年#敲重点！[给你小心心]#丁真的世界# 2《#丁真的新年# 》要来了！你们期待么？[并不简单]#丁真的新年祝福# ​@理塘丁真 @理塘丁真 @理塘仓央嘉措微型博物馆 ​
6,1,0,2020-12-30,1,"#丁真[超话]##丁真的世界##丁真的新年# 
冲冲冲 ​"
4,2,0,2020-12-30,1,#以为丁真在西藏#   近日，爆火的藏族网红小哥丁真为自己的家乡拍摄了一部宣传片， #丁真的世界#  官方发出的视频中，丁真身处四川省西部的理塘县，他灿烂的笑容、清澈的眼神，不禁让观众直呼 “我要去这里旅游！” 不过让网友惊讶的是，原本一直以为是在西藏生活的丁真竟然在四川~  [允悲] ​
2,0,0,2020-12-30,1,帅不帅？欢迎您到张掖来！#丁真的世界# http://t.cn/RJZLRs4 ​
105,45,0,2020-12-28,1,#丁真[超话]# 忙完了论文，继续做真真的手账，一边重温#丁真的世界#一边做，gihihi，是天地间的神明少年啊！[羞嗒嗒][羞嗒嗒][羞嗒嗒][羞嗒嗒] ​
86,33,3,2020-12-29,1,#丁真[超话]# 这是一只笑起来很甜，还会羞涩的小狼王，他的眼里除了有星星，还有深沉的海#丁真的世界# ​
1,1,0,2020-12-29,1,#丁真[超话]#丁真参加康巴卫视跨年歌会彩排#丁真的世界# http://t.cn/A6qT6gUn ​
3,3,0,2020-12-29,1,大家对都对丁真名字不是很好奇吗？今天丁真告诉你们。@理塘丁真 #丁真##丁真的世界##摄影师9年前曾拍下孩童时期丁真# http://t.cn/RuQ52aU http://t.cn/A6qTMqY0 ​
3,0,0,2020-12-29,1,为什么会有这么多人想让丁真拍电影，每天都在喊想看想看，完全是从自己的私心出发，好不理解，丁真说过不想做明星啊，拍电影是只有脸就行的吗？娱乐圈什么样子啊，拍电影需要功底，需要时间和大量精力，理塘宣传才刚刚起步，哪来的时间，他不累吗，难不成就让他在镜头面前晃两下就是所谓的电影拍好了吗 ​
2,0,0,2020-12-29,1,"#丁真[超话]##丁真的世界# 

世界上好的语句太多，都不足够形容你。
[心]“我们一定会在最美好的时候相见”[心]
                                               @理塘丁真 
早安，少年！ ​"
3,2,0,2020-12-29,1,"#丁真##丁真的世界##丁真[超话]# 看什么文章下面都能提到丁真，怎么都骂他呢，不要骂他了。

其实我一开始看到他的铺天盖地的热搜和推文也挺烦的，但是脱贫攻坚嘛，什么法子都行，扶贫太难了，投入大量资金发展特色产业可能效果微乎其微，市场已经被占据得满满的了，打出一条路来，哪有这么容易？

旅 ​"
20,16,0,2020-12-28,1,#丁真[超话]#姐妹们，九年前丁真的世界《一座城池 一路风景》重印了预售了！预售超过3000就能重印，还等什么啊？#摄影师9年前曾拍下孩童时期丁真##丁真的世界# ​
1,1,0,2020-12-28,1,#丁真# #丁真的世界# 丁真哥哥开会的时候也会帅啊。爱了爱了 ​
0,0,0,2020-12-28,1,"#丁真的世界# 
冬是孤独
夏是离别
春是两者之间的桥梁
唯独秋
渗透了所有的季节🍂 http://t.cn/RO4oPvM http://t.cn/A6qYvdzn ​"
0,2,0,2020-12-28,1,#丁真珍珠[超话]#如果入了党，万一有女领导想要潜/规/则他。那他只能放弃职位了或者接受。所以你们都不愿意的。最开始我也不希望他签约什么私营的经纪公司。就怕他遇到潜规则。现在只是嫌弃这个国企收入低#丁真##丁真妈妈回应儿子入职国企##丁真的世界##丁真所在国企负责人回应拒绝选秀# ​
1,0,0,2020-12-28,1,爱死丁真了[泪]@理塘丁真 #丁真的世界# ​
13,55,0,2020-12-28,1,"【藏地理塘】土石路面，这是我在藏区走的最多的一种路面。十年前的川藏线318国道就是如此，除了夕阳下的一骑绝尘视觉呈现，你得一路狂奔，不能停，停下就得吃灰。对车子的伤害也比较大，磨胎，伤减震，遇到坑就是底盘。

各位有没有感受过？

#藏地十年##理塘##丁真的世界# http://t.cn/A6qj3qPV ​"
5,1,1,2020-12-28,1,"#带着微博去旅行##摄影##丁真的世界##格聂##理塘#
娘卡措，格聂神山日照金山绝佳的观景点，全世界到过这里的人不超过500人，这个冰川和雪山都在逐步衰退的时代，只有格聂能让你体会到西部一次蕴含的野性的张力！ http://t.cn/R2WxuoH http://t.cn/A6qjJPIm ​"
3,3,0,2020-12-28,1,"#丁真# #部分男性对丁真的态度# #丁真的世界# #新星V# #新星v计划# 
为什么有那么多人不喜欢丁真？丁真爸爸爱你！  http://t.cn/A6qjfuw7 ​"
28,6,1,2020-12-28,1,"#丁真[超话]##理塘##丁真##丁真的世界# 
好了 大半夜地…不用睡了[允悲][允悲]
每日吸真最快落[羞嗒嗒][羞嗒嗒]@理塘丁真 http://t.cn/Rt5qRxf ​"
27,11,8,2020-12-27,1,宗教智商税。[允悲] #丁真的世界# http://t.cn/A6qla6Px ​
3,0,0,2020-12-27,1,#摄影师9年前曾拍下孩童时期丁真#【无巧不成书】拍下这张照片的摄影师王鑫表示，照片是9年前（2011年）他和同伴旅行到然日卡村唯一一所学校时拍下的。http://t.cn/A6qWtkpR http://t.cn/A6qWVG59 #丁真的世界# ​​​
28,1,1,2020-12-27,1,"#丁真[超话]#@理塘丁真#丁真的世界##摄影师9年前曾拍下孩童时期丁真#
勤劳的传承者——丁真珍珠

愿格聂神山永远庇护你和你的家乡[爱你][爱你][爱你]

素材：dy理塘丁真
侵删 http://t.cn/Ryhaa6H http://t.cn/A6qljCiu ​"
1,0,0,2020-12-27,1,"比鬼神更可怕的是人心 是在资本利益世界中迷失的每一个自己 
复杂的不是世界 是操控这个世界的利益熏心的人
最可悲莫过于忘记最本真的自己
世界的阴暗面看得太多引人焦虑 打开#丁真的世界#  净化心灵 
“雪山 草原 冰川 寺庙 白塔”
或许那是最纯净 不染的世界了吧 ​"
92,20,0,2020-12-25,1,"#诞愿有你# ，我们一起开启时光的#旅行# ，去寻找#丁真的世界# 。第一期穿越之旅视频，即将发布。2020.12.25 我们不见不散。
@新浪旅游 @熊猫带你游四川 ​"
757,228,97,2020-12-25,1,"开启一场穿越时光之旅，九年之约，去寻找
#丁真的世界# ①。#我的vlog生活##丁真#  @熊猫带你游四川 @微成都 http://t.cn/A6q0zS26 ​"
1,4,1,2020-12-27,1,【“然日卡村的希望” 成都一#摄影师9年前曾拍下孩童时期丁真#，公司确认是他】2020年11月，丁真因为一脸纯真朴素的笑容意外走红网络，让大家记住了这个“甜野男孩”，也让世界知道了理塘。近日，有网友发现，多年前一位摄影师微信公众号里的小孩图片，与丁真相似。有趣的是，在摄影师2015年出版的书中 ​
0,2,0,2020-12-27,1,get到了丁真的魅力🙈🙈🙈 真是可可爱爱 又甜又帅#丁真##丁真的世界# ​
12,0,1,2020-12-27,1,#丁真[超话]#不知道发什么，反正就是很感动，每天都很想真真，真真加油。#摄影师9年前曾拍下孩童时期丁真##丁真的世界##川西旅行# ​
19,7,1,2020-12-26,1,"#丁真[超话]##丁真##丁真的世界# 
丁真王子：我来了，想我没？没想也得说想[嘻嘻]
王妃：好，好的(满脸写着认同，浑身充满干劲)[笑哈哈]

@理塘丁真 笑容满屏[來] http://t.cn/A6qWAwDO ​"
50,28,24,13小时前,1,福利来袭！首封杂志免费送 [打call]｜这几天看评论区有很多粉丝留言说收到了杂志舍不得拆，要将你真的首封珍藏起来，摄影君决定在已经库存不多的杂志中送出3本给一直以来支持和关注@理塘丁真 和@摄影世界 的粉丝，一本拿来欣赏，一本用来珍藏，完美！真爱粉你值得拥有！参与方式：只要在评论区写一段想 ​
374,92,85,7小时前,1,康巴汉子确实挺帅的，不过没什么人看他的直播，和#丁真# 对比如何？ ​
461,73,104,11小时前,1,"原来#丁真# 的耳洞是自己打的！用针穿！这是什么操作[允悲]听着都疼死了！
他直播说：上面那个耳洞自己打的，下面别人打的
问：怎么打的，用针穿的吗？
丁真：用针穿的
只听说过我外婆那一辈家里人帮手动打的，没想到藏族小孩到现在还这样…反正我没打过耳洞，想想自己动手扎，下不去手啊！疼不疼？ ​"
317,47,12,01-06,1,"突然发现#丁真[超话]# 和诺一好像呀
都是眼睛亮亮的帅哥～[好喜欢]

#丁真 诺一# ​"
0,0,0,20分钟前,1,#丁真# 小红书刷到的性转！！！也好可爱哦！漂亮妹妹 ​
0,0,0,27分钟前,3,#快进2020# 2020年认识丁真是幸运的，理塘给我们的礼物。#新年焕新颜# 加油赛马王子丁真小可爱！#丁真# #丁真[超话]# 
1,0,0,29分钟前,1,[悲伤][悲伤][悲伤]我太爱他了。   把抖音刷成丁真APP了        真是罪过  #丁真# ​
0,0,0,30分钟前,1,#丁真[超话]#[doge]帅就完了[doge]#丁真# http://t.cn/A6qgAEtD ​
0,0,0,1小时前,1,惊艳了时光，温柔了岁月#丁真##丁真 出名了还是那个丁真# http://t.cn/R2WxukJ http://t.cn/A6qg7niM ​
50,28,24,13小时前,1,福利来袭！首封杂志免费送 [打call]｜这几天看评论区有很多粉丝留言说收到了杂志舍不得拆，要将你真的首封珍藏起来，摄影君决定在已经库存不多的杂志中送出3本给一直以来支持和关注@理塘丁真 和@摄影世界 的粉丝，一本拿来欣赏，一本用来珍藏，完美！真爱粉你值得拥有！参与方式：只要在评论区写一段想 ​
43,2,3,昨天 10:08,1,"#丁真[超话]##丁真##丁真的新年# 
-丁真(和他的小夥伴)

想起你的明眸一笑就能诠释我的爱，犹如春燕结群踏冬来～

(自截修) ​"
2,0,0,2小时前,1,真式皱眉[并不简单]@理塘丁真 #丁真##丁真是我的小王子# ​
51,7,3,11小时前,1,网友投稿：#丁真# 出现在北京朝阳区初一年末考试试卷中，看题目没问题，是引用此前大多数网友以为丁真是西藏人来告诉学生中国多民族的分散性。但是这个常识普及完全可以通过其他方式来出题，引用丁真，大概是站在课堂上也要讲究追流量、蹭热点吧。 ​
0,0,0,3小时前,1,分享一篇好文#丁真# ​
246,54,6,10小时前,1,"━┳━　━┳━真真拔胡子视频🈶

dy上面看到的哈哈哈%丁真  一定要看到最后❗️一定要看到最后❗️ 一定要看到最后❗️ 真真已经不是之前的小狼崽了🐺   [污][doge]#丁真# http://t.cn/A6qdaCh5 ​"
339,119,7,01-06,1,"#丁真#【丁真带货，可比李佳琦厉害多了】丁真直播涂唇膏上热搜，一分钟卖到全网断货。
自从丁真带火了理塘，加上直播中带火了那支酥油涂唇膏，她们一直都在加班加点的生产、发货和客服这支涂唇膏，忙得热火朝天。

因为一个人，一支唇膏火了，据悉要买的话都得等一个月以上才能送到，因为处于断货状态 ​"
249,109,162,10小时前,1,#丁真的世界# 序《一位甘孜少年的旅游邀请函》，甘孜文旅局局长亲自作序，欢迎所有人以少年之名了解甘孜，看见甘孜！@四川文旅 @甘孜文旅 @时差岛 联合发起，转发并@ 3位好友，我们将抽取5位粉丝送出《丁真的世界》各1本[2021] #丁真[超话]# #丁真# #2021# http://t.cn/A6qrsmqT http://t.cn/A6qdaawA ​
0,0,0,6小时前,1,"#丁真# 

有一种被消费完了的感觉，流量来的快去得也快，

有制造流量的 消费流量的，一股股急流 ​"
16,3,0,7小时前,1,#丁真侧脸#正面侧面背面都一般般完美的喔[偷笑][心]@理塘丁真 #丁真是我的小王子##丁真# ​
33,10,1,8小时前,1,#丁真侧脸##丁真# 平平无奇下则通选美得一票罢了#少狼主丁真# ​
8,0,0,7小时前,3,#丁真# #丁真侧脸# 脸部线条流畅，五官端正优秀已经说累了[色][色]
0,0,0,8小时前,1,#丁真# 丁真你在哪里 http://t.cn/R2Wx15F ​
12,0,0,23小时前,1,#丁真#这个侧脸，值得一条微博，不能说毫无关系，只能说一毛一样。撕漫男本男了。 ​
0,0,0,8小时前,1,#丁真# awysl[awsl][awsl][awsl][awsl][awsl][awsl][awsl][awsl] ​
24,0,2,8小时前,1,"#丁真侧脸##丁真# 
丁真这么好看的侧颜不来欣赏一下吗？ ​"
455,85,159,11小时前,1,"时差岛拍摄的#丁真# 的舞蹈花絮视频，他确实是最帅的！
人高头小脖子长，五官精致轮廓深邃，放在一群康巴汉子里面真的一眼就能看到，怪不得能火。
据说丁真和兄弟们跳了一通宵，欢快的舞蹈。 ​"
937,127,66,01-04,1,#丁真# 真真@理塘丁真 越来越6啦，手持手机自拍vlog[嘻嘻][嘻嘻] http://t.cn/A6queKSW ​
7,0,0,9小时前,3,#丁真侧脸# #丁真# 雪山、白马，那个少年，2021我们相约理塘呀#丁真[超话]#
1,0,0,10小时前,1,#丁真#这场直播让我梦回，但是不可否认的是舅舅和丁真还是略显紧张，多希望在没有工作人员在的情况下，丁真和舅舅来一场直播，连线一下恩珠，扎西，公主，达哇，曲批，益尼，可乐姐等等等等村里的朋友，在这一个月里，村里的朋友们老会整活儿了，直播技术简直飞起，想要看看那个活在朋友中间的丁真 ​
1,0,0,10小时前,1,丁真与舅舅一个月前后对比，丁真真的变自信很多~#丁真#  http://t.cn/A6qdSUXM ​
2,0,0,11小时前,1,看到这个#丁辉# 这个名字的时候我的第一反应是和#丁真# 是什么关系。。。。[汗] http://t.cn/Ryhaa6H ​
2,0,0,12小时前,1,"#马斯克成为世界首富#
把握不了当下，何以谈未来！
#丁真# 藏族小伙表现就很棒！ ​"
855,105,231,22小时前,1,#丁真# 原来丁真的耳洞是自己打的！用针穿！这是什么操作？听着都疼死了！ ​
38,2,2,昨天 10:15,1,"#丁真[超话]##丁真# 
-丁真

桃片无人寄，落雪终成泥～
(自截修) ​"
240,75,159,01-04,1,"女快递员惨遭#丁真# 粉丝投诉，祈求大家可以理解一下她。
“丁真的快递，仓央嘉措微型博物馆专门有人取件，比如说早上的时候他来得早取完件后，下午派送的包裹他就没取走，那么只能第二天再来取件了，粉丝朋友不怎么会去理解，就说怎么头天的包裹，第二天都还没有收着呢。希望大家能理解一下，也少投诉 ​"
15,1,0,19小时前,1,#丁真# 【丁真的世界】 你简单了，你就快乐了。你成长了，你的人生就更丰富了。http://t.cn/A6qd4sED ​
18,13,1,23小时前,1,"#丁真珍珠[超话]# 时差岛 丁真 
#丁真# ​"
0,0,0,21小时前,1,#丁真# 总有人嫌你不够好，也总有人觉得你哪里都好.. http://t.cn/A6qd2SKL ​
0,0,0,21小时前,1,可可爱爱的小橘子[挤眼][挤眼][挤眼]#丁真# 昨晚的直播，真真给人一种已经长大了的感觉，还会给舅舅翻译，倒是舅舅太少女娇羞了哈哈哈[太开心][太开心][太开心] ​
3,5,0,22小时前,1,#丁真# 这剪影也太美了，简直不像是人类[求关注][求关注] ​
1,1,0,22小时前,1,#丁真# 脸太小了，感觉比很多明星都要小，好上镜 http://t.cn/A6qdPzav ​
0,0,0,23小时前,1,#丁真# 小篆体，王妃们康过来 ​
1,0,0,23小时前,1,伯乐遇见千里马，杜冬vs丁真，甜野男孩丁真的世界，美好常相伴，快乐每一天#签名设计##丁真# http://t.cn/A6qreLYQ ​
3,0,0,昨天 20:30,1,#丁真#他的眼睛好亮( ¯ᒡ̱¯ )و，书已经下单啦，谢谢。@时差岛 ​
5,1,2,昨天 20:05,1,【#理塘#还远吗？#2021年扎实推进川藏铁路建设#】国铁集团4日发布，2021年全国铁路将扎实推进川藏铁路等国家重点工程建设，预计全年投产新线将达到3700公里左右。川藏铁路来了，#丁真#家还远吗？http://t.cn/A6q1AmEE ​
1,0,0,昨天 19:54,1,#丁真#忽然启发了我，让我明白丁珍他应该先带大家看看世界看景，我们了解他非常年轻只有19，三年级辍学放牦牛，有一段和大多数人不同的生活经历，有点与世隔绝，但是骑着小马，放牧牦牛在草原上挖虫草，又让他有和动物植物相处啊，看高原美景啊，夜晚的星空啊，这些很美也很辛苦的生活经历，身体素质也 ​
1,1,0,昨天 19:41,1,准备一场脑力田径运动！我看看这本书会不会拯救我濒临消失的记忆力！本来画的马儿是丁真和他的马儿珍珠，失手了[笑cry]#丁真# http://t.cn/RghOMBP ​
0,0,0,昨天 19:40,1,丁真宝宝给广大王友梅们比个❤️[太开心][太开心][太开心][太开心]#丁真 出名了还是那个丁真##丁真# http://t.cn/R2WxukJ http://t.cn/A6qr3BPO ​
240,70,1,昨天 05:30,1,"#丁真[超话]##丁真# 
没有人发现昨天直播的时候 ，一只老鼠从害羞的丁真背后爬了过去，还不小🐱
（孩子是好孩子，也真是苦孩子呀） ​"
62,14,4,昨天 00:00,1,"#丁真[超话]##丁真# @理塘丁真 @格聂王子 
来！都给我过来体验一下萧亚轩的快乐！！[憧憬][憧憬]奉上1080P高清字幕版名场面，以满足这一个半月来对于叫姐姐的执着吧[允悲]
扎西德勒么么哒[爱你][爱你][爱你]

PS：4k超高清版b站已上传审核中，搜微博同名可见。 http://t.cn/A6qr7d9f ​"
85,7,1,01-03,1,#丁真舅舅超话简介#丁真的舅舅真的是搞笑第一人，兼“糊弄学”一级学者，回答问题，笑梗百出，网友调侃这就像疯了的郑伊健  #丁真的舅舅像疯了的郑伊健##丁真##中江樱花岭[超话]# http://t.cn/R2WxuoH http://t.cn/A6qm81dc ​
0,1,0,昨天 18:29,1,#丁真##丁真的世界# 粉丝们好给力『预售破百万，《丁真的世界》开箱了』http://t.cn/A6qrRYtK ​
2,0,0,昨天 18:23,1,"#正反读一个意思的句子#

丁真真顶[抱一抱][抱一抱]    #丁真# ​"
17,7,0,昨天 18:20,1,#丁真珍珠[超话]##丁真# 丁･只要我靴子还穿的上就没有胖･真[doge] ​
6,2,0,昨天 18:08,1,"#丁真[超话]##丁真# 

一匹小狼🐺 ​"
53,27,0,昨天 10:11,1,"#丁真[超话]##丁真# 
上班摸鱼，摸了两张奶崽崽，抱图吱吱哦[心]
爱你低眉敛目的温柔，也爱你懵懵瞪眼的无辜[心]@理塘丁真 
好了妈妈要认真上班了[允悲] ​​​[心] ​"
0,0,0,昨天 15:43,1,外面的温度很冷，室内很温暖#丁真##午后时光# ​
0,1,1,昨天 15:22,1,【转载】感人的好故事，纯美笑容远超四川理塘的丁真！不信你慢慢看完，绝对会对你有所感触。#丁真##自然风光# http://t.cn/A6LShN7H http://t.cn/A6qrlLim ​
1,1,0,昨天 14:25,1,要是#丁真#带了假发成女孩  你会喜欢吗 ​
2,4,2,昨天 14:13,1,#丁真[超话]##丁真# 真的是四川的！还有，谁能知道我的心情！昨天在高铁上看真儿直播，信号差得要死。我看到有王妃问舅舅力气大还是丁真力气大。我就开始刷弹幕想看丁真和舅舅掰手腕。结果他们真的掰手腕了！但我卡了！只看到最后舅舅放水真儿那一局，我真儿那个眉头一皱，真的帅爆了！谁能懂我那种激 ​
0,1,0,昨天 13:05,1,丁真的可爱一点也不娘，看他的混剪，我的嘴角已经笑到脑后去了……就是美好的感觉。这个年纪真的做啥都不会油腻[太开心] ​​​​#丁真[超话]# #丁真# ​
1,0,0,昨天 11:44,1,"这眼睛就是好看呀 五官没毛病 发型不OK 太短了
#丁真# ​"
395,50,20,01-06,1,#丁真# 真真@理塘丁真 问你冷吗要围巾不？[doge][doge][doge] 有多少人幻想围巾是钻戒[doge][doge][doge] http://t.cn/A6qr7Efl ​
37,8,1,昨天 09:24,1,#丁真[超话]#要考试啦所以只粗糙糊了一只Q版真真 p 2是原图片，这张实在是太奶了爱了爱了！#丁真# ​
10,8,0,昨天 10:51,1,#理塘丁真[超话]##丁真# 昨晚杜老师千里送纸，感天动地[doge] ​
21,6,0,昨天 07:32,1,"#丁真#
 黑袍加身的丁真，妥妥的一个少主狼人 ​"
1,0,0,昨天 10:11,1,这张动图值得专门发一条微博。哈哈哈哈哈哈哈，100分。#丁真# ​
118,33,0,01-06,1,"#丁真珍珠[超话]# 截个图 提前退出来了 内容不吸引人 策划不行 不知道到底要干什么 没有流程  [允悲][允悲]  做主播必须要自己互动 要么有个技能展示 做饭 烧火 劈材 做某一件事 和网友互动 
#丁真# ​"
5,2,0,昨天 09:29,1,#丁真# 我知道丁真是从朋友口中听说的 ，他因为一张微笑的图片火爆全网，后面看了他的作品，青涩的脸庞，像泉水一般的眼睛清澈透明，的确是一位惹人喜欢的大男孩。昨晚正好看见丁真直播，看到他在镜头面前羞涩的样子，好像也看到了年少天真烂漫的自己。看见直播间刷的老公，我爱你。可以看见他们对丁真 ​
3,0,0,昨天 08:43,1,#丁真#今天也是快乐的一天鸭，可能因为昨天晚上看了丁真宝宝的直播，好心情可以维持一周[亲亲][亲亲][亲亲]本来好担心孩子累了压力太大，昨天看起来这种担心多余了，理塘真是个神仙地方，大家都好有爱，好喜欢你们啊[污][污][污][污][污] ​
1,0,0,昨天 08:33,1,啊，今天也是喜欢丁真的一天#丁真# 💕 ​
20,10,1,昨天 00:58,1,"#丁真[超话]##丁真##丁真直播# 
拿图请夸夸真真 又唱又跳还叫姐姐 [awsl]
解锁新特质 皱眉半张脸也能蛊惑人心 活该被宠溺[跪了]
@理塘丁真 [笑哈哈][來]

⚠️禁止二传涂改商用 [作揖] ​"
7,4,0,昨天 08:13,1,#凡尔赛文学# 尊享2万平大农场，凭颜值就惹人爱，还不用上奥数班～狗中#丁真# 好开心🤣！！ http://t.cn/R2WxsCs ​
1,1,0,昨天 01:21,1,"#丁真# 第一次这么喜欢一个男网红，男明星[泪][泪][泪]原来是这种感觉，还是一个弟弟，心态还是一个孩子。答应我，即使你不能继续开心快乐的生活下去，却也一定要坚强乐观，勇往直前，披荆斩棘。
好多成功人士后来回忆自己人生最快乐的日子都不是自己最有钱的时候，往往都是自给自足还会自我满足的青葱 ​"
241,26,1,01-06,1,"#丁真珍珠[超话]# 帅哥的梦想！演电影 导演 制片方 看过来吧 [米奇比心]
#丁真# ​"
1,0,1,昨天 00:15,1,为什么丁真舅舅的脸总给人感觉没有洗干净 好像有一层土在上面一样。[允悲][允悲]#丁真##丁真的舅舅像疯了的郑伊健# http://t.cn/z8A46Dp ​
0,1,0,昨天 00:12,3,一个人真的可以成长得这么快吗？有点感动[悲伤]虽然知道你和团队都还需要很多成长历练，但是加油崽崽！大家会一直支持你！[羞嗒嗒]#丁真#
6,0,0,昨天 00:10,1,"#丁真# 上了大舞台，竟然不怯场！很难相信他一个月前还在放牛，舞台上和康巴汉子载歌载舞，落落大方，台风很棒！
和张信哲老师采访对话：
“从成都到理塘有多远”
“你愿意去的话不远”😁
多聪明！一点也不紧张 ​"
5,4,0,昨天 00:01,1,#丁真[超话]##丁真# 想和真真掰手腕[加油][加油][加油] ​
15,3,0,01-06,1,#丁真[超话]##丁真##丁真的小马叫珍珠# 哈哈哈，今天舅舅害羞多了，真真现在越来越放松，很棒呀[哈哈][哈哈][哈哈] http://t.cn/AigLdX08 ​
6,0,0,01-06,1,#我为圣洁甘孜代言# 原来你竟是团团，被青创商城下单的青暖到了[爱你][爱你]～ 突然特别的自豪！身边的团团，一直在身边～网上共青团就是这样！服务青年！带给青年的是贴心是信任！更是青年对甘孜团团的支持！[爱你][爱你]@共青团中央 @四川共青团 #丁真# http://t.cn/EXSCzmz ​
3,1,0,01-06,1,#丁真#女生版的丁真也太美丽了吧[污][污][污] ​
0,0,0,01-06,1,"#丁真直播# 
哎呀妈 跟舅舅头碰头[污]梦回封神级别的第一场直播
怼大脸也是奶甜奶甜的[舔屏]
王友梅已疯[二哈]
🆘 🆘 🆘 
救救我
#丁真[超话]##丁真# ​"
12,2,0,01-06,1,"#丁真[超话]#[赞啊] #丁真# 
丁真直播刚才结束啦，感觉真真终于意识到了自己帅，频繁的怼脸杀，还和舅舅掰手腕了[doge]@理塘丁真 ​"
145,33,16,01-06,3,2003年，我们推出了《四川专辑》，打破了之前四川在人们心中的固有印象，深受大家的肯定与喜欢。感谢。
0,0,0,01-06,1,#丁真##丁真#姐妹们有录屏的吗？我来找录屏了！我要全的[喵喵][喵喵][喵喵]快点来吧！使劲踹我！！！有的都扔过来！！！[喵喵][喵喵][喵喵][舔屏][舔屏][舔屏]  ​我要看这手！！！ http://t.cn/RxRKwzy ​
317,47,12,01-06,1,"突然发现#丁真[超话]# 和诺一好像呀
都是眼睛亮亮的帅哥～[好喜欢]

#丁真 诺一# ​"
6,0,0,01-06,1,#丁真[超话]##丁真#尊重并且支持他，期待你的电影梦，期待你去看海！加油💪 http://t.cn/R2Wx0aF ​
2,2,0,01-06,1,"#丁真# 直播
舅舅唱歌，空耳
俺个乡巴佬[doge]
（哈哈哈哈哈对不起舅舅！！ http://t.cn/A6qB3PM5 ​"
1,3,0,01-06,1,"[泪][泪][泪]突然发现错过了今晚真真的直播
我不是合格的王友梅
#丁真# http://t.cn/RU1yXtO ​"
22,5,2,01-06,1,"#丁真珍珠[超话]# 《情的点缀》CUT[爱你]
#丁真# http://t.cn/A6qB8bdx ​"
2,1,0,01-06,1,#丁真#解开了我的疑惑，是个狠人啊宝贝，上面的耳洞竟然是自己用针扎的[跪了][跪了][跪了] http://t.cn/A6qBuQft ​
0,0,0,01-06,1,词语匮乏[哈哈]@理塘丁真 #丁真# ​
2,1,0,01-06,1,"#丁真##尽兴生活每一天# 好家伙  舅很突然 
哈哈哈哈哈(ಡωಡ)hiahiahia  截了个寂寞 
丁真舅舅看了不会打我吧[喵喵][喵喵][喵喵]@理塘丁真 ​"
598908,8499,11710,2020-11-27,1,"#四川为了丁真有多努力# 
四川省想了一晚上决定还是不能让西藏白嫖[doge] ​"
349030,8169,5151,2020-11-27,1,"#丁真说不要再p了# 
丁真说了不要再p了，大家听到了吗[doge] 
（大晚上的又拉出来营业了哈 

#四川为了丁真有多努力# 
#山东请求加入大乱斗# ​"
1,0,0,2020-12-22,1,"中国的汉字，
天生就有象形义三方面的特征，
简简单单的两三个字，
搭配得当就是一股看不见的能量磁场加持，
搭配错位则像是一个黑洞，
每天在耗费你的能量；
具体点说，名字的字形像是“符”，
名字的读音就像是每天念的“咒”，
而名字的字义则相当于我们所说的“意念”，
所以写名字的时候相当于在 ​"
0,0,0,2020-12-20,1,"《#四川为了丁真有多努力#
路人镜头下的丁真，颜值依旧能打吗？ ​​​http://t.cn/A6qXzi3X ​"
3,2,0,2020-12-18,1,是丁真呀～@理塘丁真 #丁真##丁真的世界##四川为了丁真有多努力# http://t.cn/z8L4sPZ ​
3,1,0,2020-12-17,1,这里是甘孜#色达# 。无数人将这里定为，今生必去的旅行地。去色达的路途是遥远的，也是颠簸的。但因为能看到那片红色山河，似乎一切辛苦都可以消散。#四川为了丁真有多努力##色达# http://t.cn/A6GBvX2Q ​
0,2,0,2020-12-11,1,画了个丁真，哈哈哈最后一张是空白的大家自行发挥hhhhh@理塘丁真 #丁真##四川为了丁真有多努力# 欢迎丁真来北京！！！！ ​
6,2,0,2020-12-11,1,"丁真走红，好多人虽然真心喜欢看他的脸，但真心不希望他入职国企。

为什么我寒窗苦读十几年，都不一定进入国企，凭什么我还要去考几百万人同时参加的考试，凭什么？

其实，仔细想想，你就会明白，本来有多少个人知道理塘，别说理塘了，就是有人知道多少个甘孜都很难说。

如果你有这样的影响力，一夜 ​"
4,2,0,2020-12-10,1,【甜野男孩 #丁真沙画侧颜杀#：太绝了】#四川为了丁真有多努力# 甜野男孩丁真小哥哥的沙画版侧颜杀来了，好有异域风情。戳视频，看沙画艺术家完美再现丁真迷人侧颜[打call] #直男为何酸丁真# http://t.cn/A6qyWXRE ​​​ http://t.cn/R2WxuoH ​
6,0,0,2020-12-10,3,致敬！#丁真[超话]##四川为了丁真有多努力# #丁真的世界# #丁真给家里买了洗衣机和电瓶车#
3,0,0,2020-12-09,1,"#西藏日报 丁真我们在西藏等你#

这小伙子真不错哈哈哈 不过西藏四川这对CP有点甜怎么回事[doge][doge][doge]

其实觉得的还是
身在异乡为异客
一时的名利还是长久的安逸
无非都是人意念中的选择
#四川为了丁真有多努力#

上次和我老公范丞丞讨论回老家看看的事情 因为很多事就耽搁了下来[失望] ​"
8,2,1,2020-12-08,1,"突然很心疼丁真这小子。
上周他凭一己之力，让全国人民订了机票查了攻略准备四川之行。这周又有一家人凭一己之力让全国人民退了机票。
丁真这小子白红了[吃瓜]
#四川为了丁真有多努力##四川新型肺炎疫情# ​"
10,0,0,2020-12-08,1,"#丁真##丁真[超话]##丁真的世界##四川为了丁真有多努力##黄子韬要去四川找丁真# 
丁真说提前祝大家新年快乐，祝福㊗️ http://t.cn/A6qA1Dc4 ​"
4,0,0,2020-12-08,1,《成都两天新增5例新冠，尚不能判断出现社区传播》截至12月8日上午6时，成都两日内累计报告新增新冠肺炎确诊病例5例，均为关联病例。http://t.cn/A6qAKgMC #北京身边事##老兽医频道##微博打卡王##四川成都新增1例确诊病例##成都新增3例本土确诊##四川为了丁真有多努力# ​
1,0,0,2020-12-08,1,TKS❤️❤️❤️#四川为了丁真有多努力##西藏日报 丁真我们在西藏等你##美业自媒体营销##跟老王一起学互联网##美业互联网# ​
1,5,1,2020-12-08,1,#四川为了丁真有多努力#  四川和西藏battle了这么久，这位小妹儿凭一己之力扭转了局面，如今四川遍地飘红，大家都去西藏耍了[doge][doge] ​
3,0,0,2020-12-07,1,哎，原本丁真带火的四川旅游，现在因为新冠估计又要凉了！[二哈][二哈][二哈]#成都郫都区郫筒街道太平村升为中风险# [允悲]#四川为了丁真有多努力# ​
5,2,0,2020-12-07,1,【#看四川# 九寨沟美成了冰雪童话世界！[打call]】#新都服务.生活资讯##四川为了丁真有多努力# 初雪淡妆浓抹包裹着山林，阳光洒在那一抹九寨蓝上，照映出波光粼粼的湖面；大家熟知的五彩池、熊猫海、火花海，碧蓝如洗，松树、枫叶与皑皑白雪完美融合倒映在水中。（四川观察）http://t.cn/A6qZRyz9 ​​
0,0,0,2020-12-07,1,"#西藏日报 丁真我们在西藏等你#   
丁真与四川和西藏的连续剧又又又又更新了  
继#以为丁真在西藏##其实丁真在四川##丁真最想去的地方是拉萨# #四川为了丁真有多努力##西藏拥有了躺赢的快乐#   
后西藏发博: 丁真，我们在西藏等你！还艾特了四川的官博。#怪不得四川观察总观察丁真# 呢  
哈哈哈哈哈这 ​"
7,0,4,2020-12-06,1,如何从生命科学角度分析丁真的爆红？#丁真的世界# #丁真# #生命科学[超话]# #四川为了丁真有多努力#  http://t.cn/A6qzXG3L ​
4,1,0,2020-12-06,1,"为丁真哥哥亲手画一幅速写肖像画儿
画得不是很好，哥哥别打我
#四川为了丁真有多努力# #丁真所在国企负责人回应拒绝选秀# #丁真登上日本电视台#  http://t.cn/A6qzZ9zC ​"
2,0,0,2020-12-06,1,"分享单曲 http://t.cn/A6qzh6HN (@网易云音乐) emmm[doge][doge][doge]都是理塘之光。
 @理塘丁真 带一下这乐队呗[doge]
#天籁牧歌[音乐]##下一个轮回遇见你[音乐]##阿妈的经筒-南太铉;尼玛乐队[音乐]##四川为了丁真有多努力##丁真的世界##丁真##尼玛乐队# ​"
1,0,0,2020-12-06,3,自由自在的丁真呀呀呀呀#丁真的世界# #丁真# #四川为了丁真有多努力# #以为丁真在西藏# 
2,0,0,2020-12-05,1,【#四川#日出、云海、雾凇 #峨眉山绝美雪景套餐#齐上线！】#四川有什么##四川为了丁真有多努力##新都服务.生活资讯# 近日，雪后的峨眉山景区，凑齐“日出+云海+雾凇”绝色美景套餐。当清晨的第一缕阳光划破天际，冬日的暖阳洒向峨眉山时，银装素裹的仙山在金光的点缀下散发出别样的风韵。从山脚至山顶 ​
2,0,0,2020-12-05,1,"我真的要笑死了#四川为了丁真有多努力# 
四川跟丁真锁死！！这是双向奔赴的爱！！ ​"
9,14,5,2020-12-05,1,"#丁真的世界##四川为了丁真有多努力# 离开海子山后燕哥并没有去#稻城亚丁# 景区而是继续沿四川省道217南下赶往乡城。
燕哥克服高反登上了海拔4708米的无名山顶，美丽小野花无数，还有刺猬一样的苔藓，不过山上的气候复杂多变，登顶后没几分钟狂风大作下起了冰雹，等燕哥下撤到车里后已然浑身湿透……  ​"
1,1,0,2020-12-05,1,在地铁上也能看看丁真，实火啊#四川为了丁真有多努力# ​
3,0,0,2020-12-05,1,这四川都火到天上去了，西藏加把劲儿啊#四川为了丁真有多努力##西藏和四川开始rap battle了# http://t.cn/RIvjQcd ​
5,3,18,2020-12-05,3,丁真 即使不懂汉语也没关系，可以一辈子领着 公务员工资，一辈子不用进办公室。汉族韭菜们羡慕不，人家不是汉族，那些在西部默默扶贫的，反恐的，默默得老死就好了。。。#丁真[超话]##四川为了丁真有多努力# #丁真# 
3,0,0,2020-12-05,1,"#丁真的世界##四川为了丁真有多努力# 
跟着央视新闻一起看丁真，这是四川甘孜[嘻嘻][嘻嘻]

各部门反应很及时呀，宣传很到位[笑而不语] ​"
1,1,0,2020-12-05,1,中国企业家评选，前10名为他打榜~#任正非# #心肝萌蛋张一鸣# #黄子韬要去四川找丁真# #四川为了丁真有多努力#  http://t.cn/A6qhLXZN ​
24,1,3,2020-12-05,1,央视采访丁真和丁真妈妈，看看他们如何看待走红，以及未来打算！#丁真的舅舅像疯了的郑伊健##舅舅介绍丁真走红经过##丁真##四川为了丁真有多努力# http://t.cn/A6qhhqQx ​
14,4,1,2020-12-05,1,"丁真是谁？反正我不认识 也不知道现在的社会和媒体是怎么一回事 天天的丁真 丁真 难道就是因为长相纯洁？说实话 要是在我们农村 这长相点名点到 ！
最可怕的是还没有读过书？
真搞不懂现在的媒体 每天社会上都有那么多的时间不报道 呵呵…

#四川为了丁真有多努力# ​"
7,1,1,2020-12-05,1,"地上网红丁真的求学之路。网友：抓住一条义务教育的“漏网之鱼“
#丁真[超话]# #四川为了丁真有多努力# #丁真# #其实丁真在四川# #丁真说不要再p了# #全国各地都在邀请丁真# #丁真的世界# #丁真所在国企负责人回应拒绝选秀# #西藏日报 丁真我们在西藏等你# #以为丁真在西藏# #2020年度十大流行语#  ​"
1,0,0,2020-12-04,1,"#遇见醉美措普沟##措普沟##四川为了丁真有多努力# 
冬雪的降临，让措普沟银装素裹。措普寺在白雪的衬托下，更加庄严肃静。白马鸡在寺前觅食，步道旁的松林里偶尔会有松鼠窜动的身影。
摄影：降央
@康定机场集团 @四川文旅 @甘孜文旅 @CNG刘乾坤 @浪迹四川 @新浪四川 ​"
3,2,0,2020-12-04,1,"#丁真的世界# #四川为了丁真有多努力#  离开海子山后燕哥并没有去#稻城亚丁# 景区而是继续沿四川省道217南下赶往乡城。
        一路风景美如画但路烂得让人心碎，在稻城与乡城交界的地方燕哥攀登了一座标牌为“枯鲁柯”的无名山，这也是此行海拔新高度，还没到顶燕哥已经走一步喘三步了，而且还伴着耳 ​"
191,70,118,2020-12-04,1,"今年因为颜值被互联网推红的几个人，有宁波小张，有记者冰冰，还有被称为潘安再世的牛顿顿顿。
没想到年末将至，又来了一个“康巴汉子”丁真。
丁真爆火后没几天，又传来了签约的消息，还是国企，连五险一金都有了。
每次一说到网红签约，大家总是会先入为主的批判一番。
但丁真教科书级别的神操作告诉 ​"
5,5,0,2020-12-04,1,"#丁真[超话]#//#四川为了丁真有多努力# 
⭐️⭐️⭐️丁真身上有一股城市少年身上很难看到的干净纯粹，谁能想到这个外形看起来粗犷野性的藏族少年，对着镜头竟然是如此羞涩腼腆，这世上最为珍贵的便是美而不自知，丁真正是如此。🎈🎈🎈
     这就是他火的原因‼️ ​"
1,1,0,2020-12-04,1,#丁真[超话]##四川为了丁真有多努力# 丁真我来了， http://t.cn/Rgoq2Oa ​
0,0,1,2020-12-04,1,#伊米[超话]##四川为了丁真有多努力# 四川甘孜：秘境天堂的冬季限定美景（图片来源：视觉中国） ​
2,1,0,2020-12-04,1,最近流行丁真，我是他远方的二姨子，贫穷限制了我的想象，流量是啥？能吃吗？#丁真##丁真的世界##四川为了丁真有多努力# ​
10,4,0,2020-12-04,1,沉迷美色无法自拔🙊#丁真[超话]##丁真的世界##丁真##四川为了丁真有多努力# @理塘丁真 ​
257,41,5,2020-12-02,1,"哈哈，真真在我们店里拍的视频出炉了啊
不过喝咖啡的时候吹啥呢[允悲][允悲]
#丁真[超话]##四川为了丁真有多努力# http://t.cn/A6bgUIwv http://t.cn/A6GFcCuW ​"
15,0,0,2020-12-04,1,"#丁真现象能被复制吗#丁真只是2020年版的天仙妹妹。一样的配方、一样的手法。记得是2005年左右吧，有个ID叫“浪兄”（浪迹天涯何处家）的网友自驾路过四川阿坝某山沟的羌族村子，看到了一位美女。

这老兄就下车给姑娘拍了一组照片。

浪兄把照片发到论坛上，当时就引发了大量闲的没事的网友的热捧。

 ​"
61,30,20,2020-11-30,1,"#旅行[超话]##关注丁真背后我们关注的是什么##四川为了丁真有多努力# 
这里才是甘孜
川西位于青藏高原的东缘
是第一台阶向第二台阶急剧过渡的地带
这一带地壳板块相互挤压，隆起下陷相伴而生
再加上河流的强烈切割
形成了一系列南北向的被称为横断山的庞大山脉
而理塘正好就位于四川西部的甘孜藏族自治 ​"
60,58,59,2020-11-29,1,"#海霞说丁真背后的美值得更多流量# [爱你]闭上眼，张开双臂，快来阿坝州九寨沟开启一场“趣冬游”吧！
#四川为了丁真有多努力##丁真引发的一场连续剧##黄子韬要去四川找丁真# 
摄影：梁枫 ​"
1,0,0,2020-12-03,1,"#四川为了丁真有多努力# 
真的很感动
丁真爆红的偶然背后有着无数人们看不到的必然——
因为数万基层扶贫干部为乡村扶贫付出的汗水和努力才有了中国农村翻天覆地变化，由衷感谢这些默默付出，无私奉献的功臣。  ​​​ http://t.cn/A6GsTWEu ​"
3,0,0,2020-12-03,1,"这个冬天四川很🔥哦，
#丁真# 丁真带大家认识高城理塘，
#四川为了丁真有多努力# 
姑娘们又发现了新晋网红打卡地。 ​"
1,4,0,2020-12-03,1,发布了头条文章：《美丽之地孕育美丽之人——丁真》 @康定机场集团 @甘孜文旅 @四川文旅 @甘孜发布 @CNG刘乾坤 @浪迹四川 #四川为了丁真有多努力# #丁真为家乡甘孜旅游代言#  http://t.cn/A6Gsx2gI ​
1,0,0,2020-12-03,1,"#四川为了丁真有多努力# 
说走就走的旅游[喵喵] ​"
25,1,5,2020-12-03,1,#四川为了丁真有多努力# 你们要的后续来了，一定要看完！绝对是一场经典的营销案例。#丁真给家里买了洗衣机和电瓶车# http://t.cn/R2W62F4 http://t.cn/A6Gsyf2i ​
7,0,1,2020-12-03,1,#四川为了丁真有多努力# #丁真所在国企负责人回应拒绝选秀# 【不接受过度消费 丁真是我们唯一的牌】11月29日，丁真所在国企负责人杜冬冬告诉@紧急呼叫 ，丁真走红之后，选秀公司和综艺节目的邀约都被拒绝，“别人会弹吉他弹钢琴，他会什么？放牛。这对他不公平。”杜冬冬表示，对于纯消费丁真的点，他 ​
2,0,0,2020-12-03,1,【#四川##四川康定木格措雪后仙境#】#新都服务.生活资讯# 12月3日，四川康定，木格措迎来了一场大雪。积雪覆盖下天地之间苍茫一片，远处的山峰银装素裹、分外妖娆。柔软细腻的黄金沙滩已被积雪“攻陷”，仿佛一个冰雪王国。 #四川为了丁真有多努力# (来源 http://t.cn/A6Gswtob http://t.cn/RghOMBP ​
1,2,0,2020-12-03,1,川蜀巴地，风景秀丽，进藏不一定到拉萨最美的风景在路上#四川为了丁真有多努力##丁真的世界##以为丁真在西藏# http://t.cn/RU9p4FF ​
0,0,0,2020-12-03,1,"丁真的走红，让人不得不感叹天时地利人和，和命运。

就像一个严丝合缝的齿轮，按下丁真这个开启健，然后一切开始运动起来。

#丁真的世界#  #四川为了丁真有多努力# ​"
0,0,0,2020-12-03,1,#四川大得很# 【#阿坝有什么# ，九寨沟】九寨的冬天，蓝冰与暖阳在童话世界里邂逅，是冰清玉洁，是大雪纷飞，是一片苍茫。#四川为了丁真有多努力# ​
3,4,0,2020-12-03,1,"#丁真为何爆火#【你喜欢#丁真# 吗？】 
让大家心生向往的，不只是丁真，而是他生活的世界，雪山、草地、骑马、放牛，蓝天白云，还有川西的高原风光～#全国各地都在邀请丁真##丁真的世界##四川为了丁真有多努力##丁真亮相理塘旅游推介会# http://t.cn/R2WxmQs ​"
1,3,1,2020-12-02,3,#丁真的世界# #四川为了丁真有多努力# 支持我的老同学燕大侠
2,0,0,2020-12-02,1,"火爆全‮的网‬丁真‮世的‬界​‎ ͏ 
想去‮定的‬制行程可‮安以‬排 

海拔很高，去了会‮点有‬缺氧，318线理塘段风‮挺景‬绝的，公路‮直笔‬，天空湛蓝‮公，‬路边就是无尽的‮原草‬，其中有个‮毛叫‬娅坝‮草的‬原特别大。

如果去的‮，话‬格聂神山一‮要定‬去看，还有格‮之聂‬眼， ​"
3,1,1,2020-12-02,1,#丁真的世界# #四川为了丁真有多努力#  丁真火了，理塘也火了，燕哥7月份刚刚自驾去过理塘，给大家看一下丁真的家乡甘孜理塘的一个风景名胜区——海子山自然保护区，这里是紫色松塔和温泉蛇的家园！  http://t.cn/A6GFGfgL ​
52,5,10,2020-12-01,1,"丁真
凭一己之力火了
纯真的小伙子
为旅游事业带来经济效益

#壁纸[超话]##丁真##丁真[超话]##四川为了丁真有多努力##无水印高清壁纸[超话]# ​"
16,1,2,2020-12-02,1,"#丁真# #丁真的世界# #丁真入选2020十大旅游事件#【요즘 중국에서 가장 핫한 장족 청년 딩전! 인기 뒤에 빛나는 진실】최근 쓰촨(四川) 간쯔(甘孜) 장족(藏族) 청년 딩전(丁眞)이 인기를 끌고 있다. 그의 맑은 눈빛은 많은 네티즌의 사랑을 받았다.

하지만 딩전은 인기를 얻은 후 왕훙(網紅: 인터넷  ​"
0,0,0,2020-12-02,1,"#丁真妈妈回应儿子入职国企##丁真的世界##四川为了丁真有多努力# 
分享一篇有关丁真的推文[爱你]
http://t.cn/A6GFAyMp ​"
6,2,0,2020-12-02,1,"我当时看到丁真就觉得……
跟莫少聪好像啊……
暴露了年龄[doge]
#四川为了丁真有多努力##丁真妈妈回应儿子入职国企# ​"
4,1,0,2020-12-02,1,"#丁真妈妈回应儿子入职国企##海霞说丁真背后的美值得更多流量##丁真的世界##丁真所在国企负责人回应拒绝选秀##四川为了丁真有多努力# 

        丁真母亲措姆接受访问：丁真走红前在家的工作主要是放牛、放马。对于丁真入职国企公司，坦言工作收入变得稳定了，希望丁真以后为家乡做出贡献！看得出一家 ​"
0,0,0,2020-12-02,3,#四川为了丁真有多努力# #以为丁真在西藏# #其实丁真在四川# 接着奏乐，接着舞～🤗
79,15,10,2020-11-30,1,#丁真# 为什么会火？是因为美是永恒的！#四川为了丁真有多努力# http://t.cn/A6GebcR8 ​
0,0,0,2020-12-02,1,"#四川为了丁真有多努力# 
我早就知道甘孜是四川的哈哈哈 
但是一辈子也就只敢爬一次牛奶海

好想出去玩[泪] ​"
1,0,0,2020-12-02,1,"听说这离#丁真甜野男孩# 家不远
#四川为了丁真有多努力##丁真# 确实很美啊 ​"
1,0,0,2020-12-02,1,【#丁真和成都熊猫见面了#！你也去打卡了吗？】对于#丁真# 这个名字，想必大家已经不再陌生。这个20岁的藏族小伙不仅连续多日登顶热搜，更是引发全国各省文旅展开抢人大战，连外交部也为他打call。而这一切的背后，有着怎样的故事？#四川为了丁真有多努力# ​
0,0,0,2020-12-02,1,丁真是四川甘孜州理塘县的，虽然他是藏族人但真不是西藏的，四川是盆地，他刚好在盆边而已呀[允悲][允悲][允悲]#四川为了丁真有多努力##以为丁真在西藏##其实丁真在四川# ​
1,0,0,2020-12-02,1,"也许在丁真的世界里，他还不知道发生了什么。
对于他来说就在今年换了个人生。#四川为了丁真有多努力# ​"
6,0,2,2020-12-02,3,#四川为了丁真有多努力#  最后一条，艾特安利兄弟，也是很仗义了~哈哈哈
0,0,0,2020-12-02,1,敲黑板！泸沽湖为川滇共辖，四川天然第一淡水湖，湖水能见度高达十二米 @四川泸沽湖景区 #四川为了丁真有多努力 ##快手# @快手 http://t.cn/A6Gklfmi ​
5,0,0,2020-12-02,1,"#丁真的世界# [微风]#四川为了丁真有多努力# 
丁真宝贝我宁愿你不看vb这是个伤心地，怕失去你脸上的笑容 [可怜]，又希望你快点学会 这样我就可以等你翻牌 抢前排，你要知道我们都很爱你，加油我们一起成长。
@理塘丁真 @理塘丁真 @理塘丁真 http://t.cn/R2Wx3MY ​"
19,7,1,2020-12-02,1,"#丁真的世界# 什么最美？带你去丁真的家乡，看最美的风景。[好喜欢]第二张图就是去丁真家（甘孜理塘格聂镇然日卡村）的必经之路。八年前，我就到过那里，拍下那些美好的瞬间。
[礼物]下一期视频，会有当年然日卡村的拍摄影像，说不定里面会有少年丁真和他的玩伴们。[好爱哦]#四川为了丁真有多努力# ​"
1,0,0,2020-12-02,3,蹭的还挺有创意哈哈哈#丁真我们在云南等你# #丁真# #丁真的世界# #四川为了丁真有多努力# #丁真[超话]#@理塘丁真 
3,2,2,2020-12-02,1,从#丁真的世界##丁真说不要再p了##四川为了丁真有多努力# 等一系列官微互动中，可以看得出各地官微素养和发展的水平高低。后知后觉的，低水平硬蹭的，缺乏互动的……按管理策略来看，应该扣绩效奖[吃瓜][吃瓜][吃瓜] http://t.cn/R2WxnEP ​
4,0,0,2020-12-02,1,#四川为了丁真有多努力##带着微博去甘孜#  丁真的家乡甘孜到底有多美？ 我用手机里的照片告诉你。 9月份去甘孜拍戏，真的彻底爱上这个地方。尤其是那张未经修饰像油画一样的照片，我觉得很适合做网红旅游打卡地。#丁真[超话]# @四川文旅 http://t.cn/RVJk9aF ​
2,0,0,2020-12-01,1,刚开始很多人以为丁真是西藏的，让西藏白嫖那么久，今晚又有洗头小哥问我知不知道那个来自新疆的丁真很火。哈哈哈哈，四川文旅还是要下点功夫了。#四川为了丁真有多努力# ​
0,1,0,2020-12-01,3,#四川为了丁真有多努力##全国各地都在邀请丁真# 丁真，银川欢迎你！如果你想吃肉，我们羊肉安排！如果你想练毛笔字，我们贺兰砚安排！如果你想养生，我们枸杞安排！如果你想一醉方休，我们x5安排！@理塘丁真 ​​​
3,0,1,2020-12-01,1,#成都旅行#青铜大立人像是三星堆的镇馆之宝之一，被列入禁止出境的国宝@成都热门资讯排行榜 @四川非遗 @四川文旅 @新浪旅游 @四川广汉三星堆博物馆 @微成都 @YOU成都 @看成都 @四川日报 #带着微博去旅行[超话]##带着微博去旅行##四川为了丁真有多努力##三星堆##四川旅行# http://t.cn/A6GDErOa ​
3,2,0,2020-12-01,1,"丁真爆红网络，连央视也为他点赞！
有偶然的成分，但也是必然的结果
丁真爆红了之后，理塘的搜索指数增长了620%，比国庆还翻了4倍
想必之后的旅游事业应该也是蹭蹭往上涨
用流量反哺家乡，带着大家一起过上好日子，创造更多的正能量
丁真做到了！
#丁真##举全村之力把最硬的鳞给你##理塘# ​"
0,0,0,2020-12-01,1,"2020年两大奇迹，年初的新冠和年尾的丁真
丁真突然间爆红，老阿姨有点跟不上社会人的节奏#四川为了丁真有多努力# ​"
1,0,0,2020-12-01,3,#四川为了丁真有多努力# #全国各地都在邀请丁真# 热搜与流量的更好意义
0,0,0,2020-12-01,1,#四川为了丁真有多努力##其实丁真在四川# [笑cry]笑疯了 http://t.cn/A6GgrpqU ​
13,5,0,2020-12-01,1,"比起皮肤白到没血色还染一头浅色 缺阳刚之气的男团 网红;大自然下长大的丁真，纯净至极的眼神、质朴甜野的笑容，以及带有些许高原红、黝黑的皮肤，无一不代表着蓬勃自由的生命力。

是吧，流水线审美在原始性感面前，不堪一击。

而如今他的背后，我看到的满满都是基层干部为脱贫致富的付出。他的走红 ​"
10,9,1,2020-12-01,1,嘻嘻嘻😁打卡丁真同款背景墙。@理塘丁真 #四川为了丁真有多努力##丁真说不要再p了##丁真同款背景墙##丁真[超话]# http://t.cn/A6bgUIwv ​
16,8,11,2020-12-01,1,"川西秘境其①——塔公寺，塔公草原

出镜@青衫-春暖眠眠不觉晓 
汉服：@鹿苑听松 朱雀系列

寺庙，草原，马，还有一个山头那么大的彩虹

川西的图会持续更新，压了好多图没P，然后川西就突然被丁真带火了……你要的美景，我们四川都有，大家来玩儿啊~认识我的朋友都知道我天天安利川西，这样我就能足不 ​"
3,0,0,2020-12-01,1,"理塘娃娃#丁真# 在成都。

这个眼睛太美了，一个男生怎么会拥有这么美丽的眼睛，男孩子像妈妈，合理猜测他妈妈眼睛肯定特别美。

#丁真的世界##四川为了丁真有多努力# http://t.cn/A6GD5Y1y ​"
1,0,0,2020-12-01,1,丁真，四川人一位康巴汉子。@理塘丁真 #丁真的世界##四川为了丁真有多努力# http://t.cn/RD4C3n3 ​
50,28,24,13小时前,1,福利来袭！首封杂志免费送 [打call]｜这几天看评论区有很多粉丝留言说收到了杂志舍不得拆，要将你真的首封珍藏起来，摄影君决定在已经库存不多的杂志中送出3本给一直以来支持和关注@理塘丁真 和@摄影世界 的粉丝，一本拿来欣赏，一本用来珍藏，完美！真爱粉你值得拥有！参与方式：只要在评论区写一段想 ​
375,92,85,7小时前,1,康巴汉子确实挺帅的，不过没什么人看他的直播，和#丁真# 对比如何？ ​
461,73,104,11小时前,1,"原来#丁真# 的耳洞是自己打的！用针穿！这是什么操作[允悲]听着都疼死了！
他直播说：上面那个耳洞自己打的，下面别人打的
问：怎么打的，用针穿的吗？
丁真：用针穿的
只听说过我外婆那一辈家里人帮手动打的，没想到藏族小孩到现在还这样…反正我没打过耳洞，想想自己动手扎，下不去手啊！疼不疼？ ​"
317,47,12,01-06,1,"突然发现#丁真[超话]# 和诺一好像呀
都是眼睛亮亮的帅哥～[好喜欢]

#丁真 诺一# ​"
0,0,0,20分钟前,1,#丁真# 小红书刷到的性转！！！也好可爱哦！漂亮妹妹 ​
0,0,0,27分钟前,3,#快进2020# 2020年认识丁真是幸运的，理塘给我们的礼物。#新年焕新颜# 加油赛马王子丁真小可爱！#丁真# #丁真[超话]# 
1,0,0,29分钟前,1,[悲伤][悲伤][悲伤]我太爱他了。   把抖音刷成丁真APP了        真是罪过  #丁真# ​
0,0,0,30分钟前,1,#丁真[超话]#[doge]帅就完了[doge]#丁真# http://t.cn/A6qgAEtD ​
0,0,0,1小时前,1,惊艳了时光，温柔了岁月#丁真##丁真 出名了还是那个丁真# http://t.cn/R2WxukJ http://t.cn/A6qg7niM ​
50,28,24,13小时前,1,福利来袭！首封杂志免费送 [打call]｜这几天看评论区有很多粉丝留言说收到了杂志舍不得拆，要将你真的首封珍藏起来，摄影君决定在已经库存不多的杂志中送出3本给一直以来支持和关注@理塘丁真 和@摄影世界 的粉丝，一本拿来欣赏，一本用来珍藏，完美！真爱粉你值得拥有！参与方式：只要在评论区写一段想 ​
43,2,3,昨天 10:08,1,"#丁真[超话]##丁真##丁真的新年# 
-丁真(和他的小夥伴)

想起你的明眸一笑就能诠释我的爱，犹如春燕结群踏冬来～

(自截修) ​"
2,0,0,2小时前,1,真式皱眉[并不简单]@理塘丁真 #丁真##丁真是我的小王子# ​
51,7,3,11小时前,1,网友投稿：#丁真# 出现在北京朝阳区初一年末考试试卷中，看题目没问题，是引用此前大多数网友以为丁真是西藏人来告诉学生中国多民族的分散性。但是这个常识普及完全可以通过其他方式来出题，引用丁真，大概是站在课堂上也要讲究追流量、蹭热点吧。 ​
0,0,0,3小时前,1,分享一篇好文#丁真# ​
246,54,6,10小时前,1,"━┳━　━┳━真真拔胡子视频🈶

dy上面看到的哈哈哈%丁真  一定要看到最后❗️一定要看到最后❗️ 一定要看到最后❗️ 真真已经不是之前的小狼崽了🐺   [污][doge]#丁真# http://t.cn/A6qdaCh5 ​"
339,119,7,01-06,1,"#丁真#【丁真带货，可比李佳琦厉害多了】丁真直播涂唇膏上热搜，一分钟卖到全网断货。
自从丁真带火了理塘，加上直播中带火了那支酥油涂唇膏，她们一直都在加班加点的生产、发货和客服这支涂唇膏，忙得热火朝天。

因为一个人，一支唇膏火了，据悉要买的话都得等一个月以上才能送到，因为处于断货状态 ​"
249,109,162,10小时前,1,#丁真的世界# 序《一位甘孜少年的旅游邀请函》，甘孜文旅局局长亲自作序，欢迎所有人以少年之名了解甘孜，看见甘孜！@四川文旅 @甘孜文旅 @时差岛 联合发起，转发并@ 3位好友，我们将抽取5位粉丝送出《丁真的世界》各1本[2021] #丁真[超话]# #丁真# #2021# http://t.cn/A6qrsmqT http://t.cn/A6qdaawA ​
0,0,0,6小时前,1,"#丁真# 

有一种被消费完了的感觉，流量来的快去得也快，

有制造流量的 消费流量的，一股股急流 ​"
16,3,0,7小时前,1,#丁真侧脸#正面侧面背面都一般般完美的喔[偷笑][心]@理塘丁真 #丁真是我的小王子##丁真# ​
33,10,1,8小时前,1,#丁真侧脸##丁真# 平平无奇下则通选美得一票罢了#少狼主丁真# ​
8,0,0,7小时前,3,#丁真# #丁真侧脸# 脸部线条流畅，五官端正优秀已经说累了[色][色]
0,0,0,8小时前,1,#丁真# 丁真你在哪里 http://t.cn/R2Wx15F ​
12,0,0,23小时前,1,#丁真#这个侧脸，值得一条微博，不能说毫无关系，只能说一毛一样。撕漫男本男了。 ​
0,0,0,8小时前,1,#丁真# awysl[awsl][awsl][awsl][awsl][awsl][awsl][awsl][awsl] ​
24,0,2,8小时前,1,"#丁真侧脸##丁真# 
丁真这么好看的侧颜不来欣赏一下吗？ ​"
455,85,159,11小时前,1,"时差岛拍摄的#丁真# 的舞蹈花絮视频，他确实是最帅的！
人高头小脖子长，五官精致轮廓深邃，放在一群康巴汉子里面真的一眼就能看到，怪不得能火。
据说丁真和兄弟们跳了一通宵，欢快的舞蹈。 ​"
937,127,66,01-04,1,#丁真# 真真@理塘丁真 越来越6啦，手持手机自拍vlog[嘻嘻][嘻嘻] http://t.cn/A6queKSW ​
7,0,0,9小时前,3,#丁真侧脸# #丁真# 雪山、白马，那个少年，2021我们相约理塘呀#丁真[超话]#
1,0,0,10小时前,1,#丁真#这场直播让我梦回，但是不可否认的是舅舅和丁真还是略显紧张，多希望在没有工作人员在的情况下，丁真和舅舅来一场直播，连线一下恩珠，扎西，公主，达哇，曲批，益尼，可乐姐等等等等村里的朋友，在这一个月里，村里的朋友们老会整活儿了，直播技术简直飞起，想要看看那个活在朋友中间的丁真 ​
1,0,0,10小时前,1,丁真与舅舅一个月前后对比，丁真真的变自信很多~#丁真#  http://t.cn/A6qdSUXM ​
2,0,0,11小时前,1,看到这个#丁辉# 这个名字的时候我的第一反应是和#丁真# 是什么关系。。。。[汗] http://t.cn/Ryhaa6H ​
2,0,0,12小时前,1,"#马斯克成为世界首富#
把握不了当下，何以谈未来！
#丁真# 藏族小伙表现就很棒！ ​"
855,105,231,22小时前,1,#丁真# 原来丁真的耳洞是自己打的！用针穿！这是什么操作？听着都疼死了！ ​
38,2,2,昨天 10:15,1,"#丁真[超话]##丁真# 
-丁真

桃片无人寄，落雪终成泥～
(自截修) ​"
240,75,159,01-04,1,"女快递员惨遭#丁真# 粉丝投诉，祈求大家可以理解一下她。
“丁真的快递，仓央嘉措微型博物馆专门有人取件，比如说早上的时候他来得早取完件后，下午派送的包裹他就没取走，那么只能第二天再来取件了，粉丝朋友不怎么会去理解，就说怎么头天的包裹，第二天都还没有收着呢。希望大家能理解一下，也少投诉 ​"
15,1,0,19小时前,1,#丁真# 【丁真的世界】 你简单了，你就快乐了。你成长了，你的人生就更丰富了。http://t.cn/A6qd4sED ​
18,13,1,23小时前,1,"#丁真珍珠[超话]# 时差岛 丁真 
#丁真# ​"
0,0,0,21小时前,1,#丁真# 总有人嫌你不够好，也总有人觉得你哪里都好.. http://t.cn/A6qd2SKL ​
0,0,0,21小时前,1,可可爱爱的小橘子[挤眼][挤眼][挤眼]#丁真# 昨晚的直播，真真给人一种已经长大了的感觉，还会给舅舅翻译，倒是舅舅太少女娇羞了哈哈哈[太开心][太开心][太开心] ​
3,5,0,22小时前,1,#丁真# 这剪影也太美了，简直不像是人类[求关注][求关注] ​
1,1,0,22小时前,1,#丁真# 脸太小了，感觉比很多明星都要小，好上镜 http://t.cn/A6qdPzav ​
0,0,0,23小时前,1,#丁真# 小篆体，王妃们康过来 ​
1,0,0,23小时前,1,伯乐遇见千里马，杜冬vs丁真，甜野男孩丁真的世界，美好常相伴，快乐每一天#签名设计##丁真# http://t.cn/A6qreLYQ ​
3,0,0,昨天 20:30,1,#丁真#他的眼睛好亮( ¯ᒡ̱¯ )و，书已经下单啦，谢谢。@时差岛 ​
5,1,2,昨天 20:05,1,【#理塘#还远吗？#2021年扎实推进川藏铁路建设#】国铁集团4日发布，2021年全国铁路将扎实推进川藏铁路等国家重点工程建设，预计全年投产新线将达到3700公里左右。川藏铁路来了，#丁真#家还远吗？http://t.cn/A6q1AmEE ​
1,0,0,昨天 19:54,1,#丁真#忽然启发了我，让我明白丁珍他应该先带大家看看世界看景，我们了解他非常年轻只有19，三年级辍学放牦牛，有一段和大多数人不同的生活经历，有点与世隔绝，但是骑着小马，放牧牦牛在草原上挖虫草，又让他有和动物植物相处啊，看高原美景啊，夜晚的星空啊，这些很美也很辛苦的生活经历，身体素质也 ​
1,1,0,昨天 19:41,1,准备一场脑力田径运动！我看看这本书会不会拯救我濒临消失的记忆力！本来画的马儿是丁真和他的马儿珍珠，失手了[笑cry]#丁真# http://t.cn/RghOMBP ​
0,0,0,昨天 19:40,1,丁真宝宝给广大王友梅们比个❤️[太开心][太开心][太开心][太开心]#丁真 出名了还是那个丁真##丁真# http://t.cn/R2WxukJ http://t.cn/A6qr3BPO ​
240,70,1,昨天 05:30,1,"#丁真[超话]##丁真# 
没有人发现昨天直播的时候 ，一只老鼠从害羞的丁真背后爬了过去，还不小🐱
（孩子是好孩子，也真是苦孩子呀） ​"
62,14,4,昨天 00:00,1,"#丁真[超话]##丁真# @理塘丁真 @格聂王子 
来！都给我过来体验一下萧亚轩的快乐！！[憧憬][憧憬]奉上1080P高清字幕版名场面，以满足这一个半月来对于叫姐姐的执着吧[允悲]
扎西德勒么么哒[爱你][爱你][爱你]

PS：4k超高清版b站已上传审核中，搜微博同名可见。 http://t.cn/A6qr7d9f ​"
85,7,1,01-03,1,#丁真舅舅超话简介#丁真的舅舅真的是搞笑第一人，兼“糊弄学”一级学者，回答问题，笑梗百出，网友调侃这就像疯了的郑伊健  #丁真的舅舅像疯了的郑伊健##丁真##中江樱花岭[超话]# http://t.cn/R2WxuoH http://t.cn/A6qm81dc ​
0,1,0,昨天 18:29,1,#丁真##丁真的世界# 粉丝们好给力『预售破百万，《丁真的世界》开箱了』http://t.cn/A6qrRYtK ​
2,0,0,昨天 18:23,1,"#正反读一个意思的句子#

丁真真顶[抱一抱][抱一抱]    #丁真# ​"
17,7,0,昨天 18:20,1,#丁真珍珠[超话]##丁真# 丁･只要我靴子还穿的上就没有胖･真[doge] ​
6,2,0,昨天 18:08,1,"#丁真[超话]##丁真# 

一匹小狼🐺 ​"
53,27,0,昨天 10:11,1,"#丁真[超话]##丁真# 
上班摸鱼，摸了两张奶崽崽，抱图吱吱哦[心]
爱你低眉敛目的温柔，也爱你懵懵瞪眼的无辜[心]@理塘丁真 
好了妈妈要认真上班了[允悲] ​​​[心] ​"
0,0,0,昨天 15:43,1,外面的温度很冷，室内很温暖#丁真##午后时光# ​
0,1,1,昨天 15:22,1,【转载】感人的好故事，纯美笑容远超四川理塘的丁真！不信你慢慢看完，绝对会对你有所感触。#丁真##自然风光# http://t.cn/A6LShN7H http://t.cn/A6qrlLim ​
1,1,0,昨天 14:25,1,要是#丁真#带了假发成女孩  你会喜欢吗 ​
2,4,2,昨天 14:13,1,#丁真[超话]##丁真# 真的是四川的！还有，谁能知道我的心情！昨天在高铁上看真儿直播，信号差得要死。我看到有王妃问舅舅力气大还是丁真力气大。我就开始刷弹幕想看丁真和舅舅掰手腕。结果他们真的掰手腕了！但我卡了！只看到最后舅舅放水真儿那一局，我真儿那个眉头一皱，真的帅爆了！谁能懂我那种激 ​
0,1,0,昨天 13:05,1,丁真的可爱一点也不娘，看他的混剪，我的嘴角已经笑到脑后去了……就是美好的感觉。这个年纪真的做啥都不会油腻[太开心] ​​​​#丁真[超话]# #丁真# ​
1,0,0,昨天 11:44,1,"这眼睛就是好看呀 五官没毛病 发型不OK 太短了
#丁真# ​"
395,50,20,01-06,1,#丁真# 真真@理塘丁真 问你冷吗要围巾不？[doge][doge][doge] 有多少人幻想围巾是钻戒[doge][doge][doge] http://t.cn/A6qr7Efl ​
37,8,1,昨天 09:24,1,#丁真[超话]#要考试啦所以只粗糙糊了一只Q版真真 p 2是原图片，这张实在是太奶了爱了爱了！#丁真# ​
10,8,0,昨天 10:51,1,#理塘丁真[超话]##丁真# 昨晚杜老师千里送纸，感天动地[doge] ​
21,6,0,昨天 07:32,1,"#丁真#
 黑袍加身的丁真，妥妥的一个少主狼人 ​"
1,0,0,昨天 10:11,1,这张动图值得专门发一条微博。哈哈哈哈哈哈哈，100分。#丁真# ​
118,33,0,01-06,1,"#丁真珍珠[超话]# 截个图 提前退出来了 内容不吸引人 策划不行 不知道到底要干什么 没有流程  [允悲][允悲]  做主播必须要自己互动 要么有个技能展示 做饭 烧火 劈材 做某一件事 和网友互动 
#丁真# ​"
5,2,0,昨天 09:29,1,#丁真# 我知道丁真是从朋友口中听说的 ，他因为一张微笑的图片火爆全网，后面看了他的作品，青涩的脸庞，像泉水一般的眼睛清澈透明，的确是一位惹人喜欢的大男孩。昨晚正好看见丁真直播，看到他在镜头面前羞涩的样子，好像也看到了年少天真烂漫的自己。看见直播间刷的老公，我爱你。可以看见他们对丁真 ​
3,0,0,昨天 08:43,1,#丁真#今天也是快乐的一天鸭，可能因为昨天晚上看了丁真宝宝的直播，好心情可以维持一周[亲亲][亲亲][亲亲]本来好担心孩子累了压力太大，昨天看起来这种担心多余了，理塘真是个神仙地方，大家都好有爱，好喜欢你们啊[污][污][污][污][污] ​
1,0,0,昨天 08:33,1,啊，今天也是喜欢丁真的一天#丁真# 💕 ​
20,10,1,昨天 00:58,1,"#丁真[超话]##丁真##丁真直播# 
拿图请夸夸真真 又唱又跳还叫姐姐 [awsl]
解锁新特质 皱眉半张脸也能蛊惑人心 活该被宠溺[跪了]
@理塘丁真 [笑哈哈][來]

⚠️禁止二传涂改商用 [作揖] ​"
7,4,0,昨天 08:13,1,#凡尔赛文学# 尊享2万平大农场，凭颜值就惹人爱，还不用上奥数班～狗中#丁真# 好开心🤣！！ http://t.cn/R2WxsCs ​
1,1,0,昨天 01:21,1,"#丁真# 第一次这么喜欢一个男网红，男明星[泪][泪][泪]原来是这种感觉，还是一个弟弟，心态还是一个孩子。答应我，即使你不能继续开心快乐的生活下去，却也一定要坚强乐观，勇往直前，披荆斩棘。
好多成功人士后来回忆自己人生最快乐的日子都不是自己最有钱的时候，往往都是自给自足还会自我满足的青葱 ​"
241,26,1,01-06,1,"#丁真珍珠[超话]# 帅哥的梦想！演电影 导演 制片方 看过来吧 [米奇比心]
#丁真# ​"
1,0,1,昨天 00:15,1,为什么丁真舅舅的脸总给人感觉没有洗干净 好像有一层土在上面一样。[允悲][允悲]#丁真##丁真的舅舅像疯了的郑伊健# http://t.cn/z8A46Dp ​
0,1,0,昨天 00:12,3,一个人真的可以成长得这么快吗？有点感动[悲伤]虽然知道你和团队都还需要很多成长历练，但是加油崽崽！大家会一直支持你！[羞嗒嗒]#丁真#
6,0,0,昨天 00:10,1,"#丁真# 上了大舞台，竟然不怯场！很难相信他一个月前还在放牛，舞台上和康巴汉子载歌载舞，落落大方，台风很棒！
和张信哲老师采访对话：
“从成都到理塘有多远”
“你愿意去的话不远”😁
多聪明！一点也不紧张 ​"
5,4,0,昨天 00:01,1,#丁真[超话]##丁真# 想和真真掰手腕[加油][加油][加油] ​
15,3,0,01-06,1,#丁真[超话]##丁真##丁真的小马叫珍珠# 哈哈哈，今天舅舅害羞多了，真真现在越来越放松，很棒呀[哈哈][哈哈][哈哈] http://t.cn/AigLdX08 ​
6,0,0,01-06,1,#我为圣洁甘孜代言# 原来你竟是团团，被青创商城下单的青暖到了[爱你][爱你]～ 突然特别的自豪！身边的团团，一直在身边～网上共青团就是这样！服务青年！带给青年的是贴心是信任！更是青年对甘孜团团的支持！[爱你][爱你]@共青团中央 @四川共青团 #丁真# http://t.cn/EXSCzmz ​
3,1,0,01-06,1,#丁真#女生版的丁真也太美丽了吧[污][污][污] ​
0,0,0,01-06,1,"#丁真直播# 
哎呀妈 跟舅舅头碰头[污]梦回封神级别的第一场直播
怼大脸也是奶甜奶甜的[舔屏]
王友梅已疯[二哈]
🆘 🆘 🆘 
救救我
#丁真[超话]##丁真# ​"
12,2,0,01-06,1,"#丁真[超话]#[赞啊] #丁真# 
丁真直播刚才结束啦，感觉真真终于意识到了自己帅，频繁的怼脸杀，还和舅舅掰手腕了[doge]@理塘丁真 ​"
145,33,16,01-06,3,2003年，我们推出了《四川专辑》，打破了之前四川在人们心中的固有印象，深受大家的肯定与喜欢。感谢。
0,0,0,01-06,1,#丁真##丁真#姐妹们有录屏的吗？我来找录屏了！我要全的[喵喵][喵喵][喵喵]快点来吧！使劲踹我！！！有的都扔过来！！！[喵喵][喵喵][喵喵][舔屏][舔屏][舔屏]  ​我要看这手！！！ http://t.cn/RxRKwzy ​
317,47,12,01-06,1,"突然发现#丁真[超话]# 和诺一好像呀
都是眼睛亮亮的帅哥～[好喜欢]

#丁真 诺一# ​"
6,0,0,01-06,1,#丁真[超话]##丁真#尊重并且支持他，期待你的电影梦，期待你去看海！加油💪 http://t.cn/R2Wx0aF ​
2,2,0,01-06,1,"#丁真# 直播
舅舅唱歌，空耳
俺个乡巴佬[doge]
（哈哈哈哈哈对不起舅舅！！ http://t.cn/A6qB3PM5 ​"
1,3,0,01-06,1,"[泪][泪][泪]突然发现错过了今晚真真的直播
我不是合格的王友梅
#丁真# http://t.cn/RU1yXtO ​"
22,5,2,01-06,1,"#丁真珍珠[超话]# 《情的点缀》CUT[爱你]
#丁真# http://t.cn/A6qB8bdx ​"
2,1,0,01-06,1,#丁真#解开了我的疑惑，是个狠人啊宝贝，上面的耳洞竟然是自己用针扎的[跪了][跪了][跪了] http://t.cn/A6qBuQft ​
0,0,0,01-06,1,词语匮乏[哈哈]@理塘丁真 #丁真# ​
2,1,0,01-06,1,"#丁真##尽兴生活每一天# 好家伙  舅很突然 
哈哈哈哈哈(ಡωಡ)hiahiahia  截了个寂寞 
丁真舅舅看了不会打我吧[喵喵][喵喵][喵喵]@理塘丁真 ​"
